Sort method;Array type;Amount;Time;Operations
binaryInsertionSort;fill0To5;50;8010;1362
bubbleSort;fill0To5;50;6250;7549
bubbleSortIverson1;fill0To5;50;520;305
bubbleSortIverson2;fill0To5;50;713;602
countingSort;fill0To5;50;2583;269
heapSort;fill0To5;50;5813;3416
insertionSort;fill0To5;50;490;444
mergeSort;fill0To5;50;21800;3611
quickSort;fill0To5;50;1996;775
selectionSort;fill0To5;50;6590;4021
shellSortCiuraSequence;fill0To5;50;1290;886
shellSortShellSequence;fill0To5;50;1683;1038
binaryInsertionSort;fill0To4000;50;5686;346
bubbleSort;fill0To4000;50;8413;7549
bubbleSortIverson1;fill0To4000;50;383;305
bubbleSortIverson2;fill0To4000;50;623;602
countingSort;fill0To4000;50;30476;12185
heapSort;fill0To4000;50;6953;4301
insertionSort;fill0To4000;50;570;444
mergeSort;fill0To4000;50;20380;3611
quickSort;fill0To4000;50;1420;696
selectionSort;fill0To4000;50;5476;4021
shellSortCiuraSequence;fill0To4000;50;1543;886
shellSortShellSequence;fill0To4000;50;1623;1038
binaryInsertionSort;almostSorted;50;4583;346
bubbleSort;almostSorted;50;6256;7549
bubbleSortIverson1;almostSorted;50;383;305
bubbleSortIverson2;almostSorted;50;696;602
countingSort;almostSorted;50;2200;407
heapSort;almostSorted;50;7803;4301
insertionSort;almostSorted;50;463;444
mergeSort;almostSorted;50;20253;3611
quickSort;almostSorted;50;1366;696
selectionSort;almostSorted;50;5496;4021
shellSortCiuraSequence;almostSorted;50;1236;886
shellSortShellSequence;almostSorted;50;1996;1038
binaryInsertionSort;backwardSorted;50;4993;346
bubbleSort;backwardSorted;50;6566;7549
bubbleSortIverson1;backwardSorted;50;273;305
bubbleSortIverson2;backwardSorted;50;636;602
countingSort;backwardSorted;50;28616;12557
heapSort;backwardSorted;50;12080;4301
insertionSort;backwardSorted;50;643;444
mergeSort;backwardSorted;50;33506;3611
quickSort;backwardSorted;50;2566;696
selectionSort;backwardSorted;50;7676;4021
shellSortCiuraSequence;backwardSorted;50;2190;886
shellSortShellSequence;backwardSorted;50;2433;1038
binaryInsertionSort;fill0To5;100;18173;4540
bubbleSort;fill0To5;100;22543;30099
bubbleSortIverson1;fill0To5;100;536;605
bubbleSortIverson2;fill0To5;100;1056;1202
countingSort;fill0To5;100;2993;519
heapSort;fill0To5;100;13296;7763
insertionSort;fill0To5;100;773;894
mergeSort;fill0To5;100;44776;8188
quickSort;fill0To5;100;4810;1926
selectionSort;fill0To5;100;21183;15546
shellSortCiuraSequence;fill0To5;100;2980;2086
shellSortShellSequence;fill0To5;100;3746;2542
binaryInsertionSort;fill0To4000;100;10413;700
bubbleSort;fill0To4000;100;22436;30099
bubbleSortIverson1;fill0To4000;100;840;605
bubbleSortIverson2;fill0To4000;100;1010;1202
countingSort;fill0To4000;100;31186;12474
heapSort;fill0To4000;100;17700;10020
insertionSort;fill0To4000;100;1256;894
mergeSort;fill0To4000;100;42576;8188
quickSort;fill0To4000;100;2966;1592
selectionSort;fill0To4000;100;21816;15546
shellSortCiuraSequence;fill0To4000;100;3233;2086
shellSortShellSequence;fill0To4000;100;3920;2542
binaryInsertionSort;almostSorted;100;12906;696
bubbleSort;almostSorted;100;27406;30099
bubbleSortIverson1;almostSorted;100;750;605
bubbleSortIverson2;almostSorted;100;1020;1202
countingSort;almostSorted;100;3783;807
heapSort;almostSorted;100;17736;10034
insertionSort;almostSorted;100;886;894
mergeSort;almostSorted;100;43426;8188
quickSort;almostSorted;100;2896;1590
selectionSort;almostSorted;100;22803;15546
shellSortCiuraSequence;almostSorted;100;3466;2086
shellSortShellSequence;almostSorted;100;3630;2542
binaryInsertionSort;backwardSorted;100;10560;696
bubbleSort;backwardSorted;100;23190;30099
bubbleSortIverson1;backwardSorted;100;623;605
bubbleSortIverson2;backwardSorted;100;1160;1202
countingSort;backwardSorted;100;32576;12807
heapSort;backwardSorted;100;17583;10034
insertionSort;backwardSorted;100;1360;894
mergeSort;backwardSorted;100;44440;8188
quickSort;backwardSorted;100;4560;1590
selectionSort;backwardSorted;100;23940;15546
shellSortCiuraSequence;backwardSorted;100;3093;2086
shellSortShellSequence;backwardSorted;100;3740;2542
binaryInsertionSort;fill0To5;150;32903;9806
bubbleSort;fill0To5;150;54506;67649
bubbleSortIverson1;fill0To5;150;1813;905
bubbleSortIverson2;fill0To5;150;2506;1802
countingSort;fill0To5;150;7053;769
heapSort;fill0To5;150;30600;12631
insertionSort;fill0To5;150;1580;1344
mergeSort;fill0To5;150;105116;13109
quickSort;fill0To5;150;10976;3063
selectionSort;fill0To5;150;61816;34571
shellSortCiuraSequence;fill0To5;150;4120;3468
shellSortShellSequence;fill0To5;150;7203;4551
binaryInsertionSort;fill0To4000;150;20203;1058
bubbleSort;fill0To4000;150;51883;67649
bubbleSortIverson1;fill0To4000;150;933;905
bubbleSortIverson2;fill0To4000;150;1890;1802
countingSort;fill0To4000;150;34136;12724
heapSort;fill0To4000;150;28976;16383
insertionSort;fill0To4000;150;1850;1344
mergeSort;fill0To4000;150;77666;13109
quickSort;fill0To4000;150;4363;2490
selectionSort;fill0To4000;150;51633;34571
shellSortCiuraSequence;fill0To4000;150;4950;3468
shellSortShellSequence;fill0To4000;150;7456;4551
binaryInsertionSort;almostSorted;150;18443;1046
bubbleSort;almostSorted;150;56403;67649
bubbleSortIverson1;almostSorted;150;1053;905
bubbleSortIverson2;almostSorted;150;1536;1802
countingSort;almostSorted;150;5753;1207
heapSort;almostSorted;150;32370;16403
insertionSort;almostSorted;150;1363;1344
mergeSort;almostSorted;150;71316;13109
quickSort;almostSorted;150;4186;2466
selectionSort;almostSorted;150;50723;34571
shellSortCiuraSequence;almostSorted;150;4570;3468
shellSortShellSequence;almostSorted;150;7680;4551
binaryInsertionSort;backwardSorted;150;18053;1046
bubbleSort;backwardSorted;150;53596;67649
bubbleSortIverson1;backwardSorted;150;883;905
bubbleSortIverson2;backwardSorted;150;1880;1802
countingSort;backwardSorted;150;32390;13057
heapSort;backwardSorted;150;29010;16403
insertionSort;backwardSorted;150;1246;1344
mergeSort;backwardSorted;150;65743;13109
quickSort;backwardSorted;150;3920;2466
selectionSort;backwardSorted;150;49513;34571
shellSortCiuraSequence;backwardSorted;150;4420;3468
shellSortShellSequence;backwardSorted;150;6653;4551
binaryInsertionSort;fill0To5;200;46106;17032
bubbleSort;fill0To5;200;93980;120199
bubbleSortIverson1;fill0To5;200;1236;1205
bubbleSortIverson2;fill0To5;200;2016;2402
countingSort;fill0To5;200;5496;1019
heapSort;fill0To5;200;29860;17425
insertionSort;fill0To5;200;1643;1794
mergeSort;fill0To5;200;92556;18292
quickSort;fill0To5;200;10683;4320
selectionSort;fill0To5;200;81756;61096
shellSortCiuraSequence;fill0To5;200;5860;4968
shellSortShellSequence;fill0To5;200;8856;6046
binaryInsertionSort;fill0To4000;200;25200;1416
bubbleSort;fill0To4000;200;87266;120199
bubbleSortIverson1;fill0To4000;200;913;1205
bubbleSortIverson2;fill0To4000;200;2030;2402
countingSort;fill0To4000;200;33586;12974
heapSort;fill0To4000;200;52823;22980
insertionSort;fill0To4000;200;2106;1794
mergeSort;fill0To4000;200;95100;18292
quickSort;fill0To4000;200;8730;3594
selectionSort;fill0To4000;200;129840;61096
shellSortCiuraSequence;fill0To4000;200;8570;4968
shellSortShellSequence;fill0To4000;200;13636;6046
binaryInsertionSort;almostSorted;200;35553;1396
bubbleSort;almostSorted;200;131520;120199
bubbleSortIverson1;almostSorted;200;1526;1205
bubbleSortIverson2;almostSorted;200;1800;2402
countingSort;almostSorted;200;7333;1607
heapSort;almostSorted;200;58193;23058
insertionSort;almostSorted;200;2116;1794
mergeSort;almostSorted;200;134303;18292
quickSort;almostSorted;200;12160;3576
selectionSort;almostSorted;200;124800;61096
shellSortCiuraSequence;almostSorted;200;6756;4968
shellSortShellSequence;almostSorted;200;15250;6046
binaryInsertionSort;backwardSorted;200;30633;1396
bubbleSort;backwardSorted;200;129860;120199
bubbleSortIverson1;backwardSorted;200;900;1205
bubbleSortIverson2;backwardSorted;200;1750;2402
countingSort;backwardSorted;200;31910;13307
heapSort;backwardSorted;200;42850;23058
insertionSort;backwardSorted;200;2860;1794
mergeSort;backwardSorted;200;96016;18292
quickSort;backwardSorted;200;5630;3576
selectionSort;backwardSorted;200;82313;61096
shellSortCiuraSequence;backwardSorted;200;6893;4968
shellSortShellSequence;backwardSorted;200;9153;6046
binaryInsertionSort;fill0To5;250;65750;26382
bubbleSort;fill0To5;250;143670;187749
bubbleSortIverson1;fill0To5;250;1456;1505
bubbleSortIverson2;fill0To5;250;2580;3002
countingSort;fill0To5;250;6830;1269
heapSort;fill0To5;250;45533;22550
insertionSort;fill0To5;250;2183;2244
mergeSort;fill0To5;250;116580;23441
quickSort;fill0To5;250;12863;5306
selectionSort;fill0To5;250;128923;95121
shellSortCiuraSequence;fill0To5;250;7943;6468
shellSortShellSequence;fill0To5;250;10516;7561
binaryInsertionSort;fill0To4000;250;31673;1782
bubbleSort;fill0To4000;250;136286;187749
bubbleSortIverson1;fill0To4000;250;1103;1505
bubbleSortIverson2;fill0To4000;250;2166;3002
countingSort;fill0To4000;250;34706;13224
heapSort;fill0To4000;250;52103;29727
insertionSort;fill0To4000;250;1720;2244
mergeSort;fill0To4000;250;109253;23441
quickSort;fill0To4000;250;6823;4384
selectionSort;fill0To4000;250;150496;95121
shellSortCiuraSequence;fill0To4000;250;7880;6468
shellSortShellSequence;fill0To4000;250;10513;7561
binaryInsertionSort;almostSorted;250;30736;1746
bubbleSort;almostSorted;250;136033;187749
bubbleSortIverson1;almostSorted;250;1100;1505
bubbleSortIverson2;almostSorted;250;2716;3002
countingSort;almostSorted;250;8086;2007
heapSort;almostSorted;250;50823;29833
insertionSort;almostSorted;250;1733;2244
mergeSort;almostSorted;250;108006;23441
quickSort;almostSorted;250;7826;4276
selectionSort;almostSorted;250;147063;95121
shellSortCiuraSequence;almostSorted;250;8190;6468
shellSortShellSequence;almostSorted;250;10520;7561
binaryInsertionSort;backwardSorted;250;34886;1746
bubbleSort;backwardSorted;250;144636;187749
bubbleSortIverson1;backwardSorted;250;1656;1505
bubbleSortIverson2;backwardSorted;250;2173;3002
countingSort;backwardSorted;250;48423;13557
heapSort;backwardSorted;250;58570;29833
insertionSort;backwardSorted;250;2083;2244
mergeSort;backwardSorted;250;114910;23441
quickSort;backwardSorted;250;7466;4276
selectionSort;backwardSorted;250;140176;95121
shellSortCiuraSequence;backwardSorted;250;8836;6468
shellSortShellSequence;backwardSorted;250;11253;7561
binaryInsertionSort;fill0To5;300;88700;37908
bubbleSort;fill0To5;300;203203;270299
bubbleSortIverson1;fill0To5;300;1710;1805
bubbleSortIverson2;fill0To5;300;3356;3602
countingSort;fill0To5;300;10526;1519
heapSort;fill0To5;300;52973;27690
insertionSort;fill0To5;300;2080;2694
mergeSort;fill0To5;300;140243;29084
quickSort;fill0To5;300;17593;6848
selectionSort;fill0To5;300;250156;136646
shellSortCiuraSequence;fill0To5;300;15146;7968
shellSortShellSequence;fill0To5;300;25426;10555
binaryInsertionSort;fill0To4000;300;56040;2148
bubbleSort;fill0To4000;300;210363;270299
bubbleSortIverson1;fill0To4000;300;2353;1805
bubbleSortIverson2;fill0To4000;300;4533;3602
countingSort;fill0To4000;300;60656;13474
heapSort;fill0To4000;300;73803;37172
insertionSort;fill0To4000;300;2606;2694
mergeSort;fill0To4000;300;142270;29084
quickSort;fill0To4000;300;10340;5644
selectionSort;fill0To4000;300;188306;136646
shellSortCiuraSequence;fill0To4000;300;10083;7968
shellSortShellSequence;fill0To4000;300;16230;10555
binaryInsertionSort;almostSorted;300;39780;2096
bubbleSort;almostSorted;300;194966;270299
bubbleSortIverson1;almostSorted;300;1566;1805
bubbleSortIverson2;almostSorted;300;2593;3602
countingSort;almostSorted;300;9796;2407
heapSort;almostSorted;300;63643;37143
insertionSort;almostSorted;300;2646;2694
mergeSort;almostSorted;300;144950;29084
quickSort;almostSorted;300;9583;5516
selectionSort;almostSorted;300;181903;136646
shellSortCiuraSequence;almostSorted;300;9633;7968
shellSortShellSequence;almostSorted;300;15513;10555
binaryInsertionSort;backwardSorted;300;42950;2096
bubbleSort;backwardSorted;300;197130;270299
bubbleSortIverson1;backwardSorted;300;1953;1805
bubbleSortIverson2;backwardSorted;300;2850;3602
countingSort;backwardSorted;300;35260;13807
heapSort;backwardSorted;300;66936;37143
insertionSort;backwardSorted;300;2576;2694
mergeSort;backwardSorted;300;147283;29084
quickSort;backwardSorted;300;8793;5516
selectionSort;backwardSorted;300;186436;136646
shellSortCiuraSequence;backwardSorted;300;14620;7968
shellSortShellSequence;backwardSorted;300;27036;10555
binaryInsertionSort;fill0To5;400;200010;66520
bubbleSort;fill0To5;400;362000;480399
bubbleSortIverson1;fill0To5;400;1743;2405
bubbleSortIverson2;fill0To5;400;4066;4802
countingSort;fill0To5;400;10160;2019
heapSort;fill0To5;400;70573;38820
insertionSort;fill0To5;400;3130;3594
mergeSort;fill0To5;400;173160;40400
quickSort;fill0To5;400;22670;9656
selectionSort;fill0To5;400;353250;242196
shellSortCiuraSequence;fill0To5;400;13446;11192
shellSortShellSequence;fill0To5;400;19930;14050
binaryInsertionSort;fill0To4000;400;56530;2876
bubbleSort;fill0To4000;400;389773;480399
bubbleSortIverson1;fill0To4000;400;1740;2405
bubbleSortIverson2;fill0To4000;400;4033;4802
countingSort;fill0To4000;400;40596;14001
heapSort;fill0To4000;400;88496;51816
insertionSort;fill0To4000;400;2753;3594
mergeSort;fill0To4000;400;175216;40400
quickSort;fill0To4000;400;12636;8036
selectionSort;fill0To4000;400;321843;242196
shellSortCiuraSequence;fill0To4000;400;13570;11192
shellSortShellSequence;fill0To4000;400;19356;14050
binaryInsertionSort;almostSorted;400;56016;2796
bubbleSort;almostSorted;400;345486;480399
bubbleSortIverson1;almostSorted;400;1970;2405
bubbleSortIverson2;almostSorted;400;3446;4802
countingSort;almostSorted;400;12106;3207
heapSort;almostSorted;400;88710;51820
insertionSort;almostSorted;400;2753;3594
mergeSort;almostSorted;400;172426;40400
quickSort;almostSorted;400;12550;7946
selectionSort;almostSorted;400;322176;242196
shellSortCiuraSequence;almostSorted;400;13570;11192
shellSortShellSequence;almostSorted;400;19983;14050
binaryInsertionSort;backwardSorted;400;62083;2796
bubbleSort;backwardSorted;400;345306;480399
bubbleSortIverson1;backwardSorted;400;1743;2405
bubbleSortIverson2;backwardSorted;400;3686;4802
countingSort;backwardSorted;400;36190;14307
heapSort;backwardSorted;400;87966;51820
insertionSort;backwardSorted;400;2746;3594
mergeSort;backwardSorted;400;173230;40400
quickSort;backwardSorted;400;12403;7946
selectionSort;backwardSorted;400;322450;242196
shellSortCiuraSequence;backwardSorted;400;13553;11192
shellSortShellSequence;backwardSorted;400;19456;14050
binaryInsertionSort;fill0To5;500;185303;103132
bubbleSort;fill0To5;500;538696;750499
bubbleSortIverson1;fill0To5;500;2163;3005
bubbleSortIverson2;fill0To5;500;4516;6002
countingSort;fill0To5;500;12123;2519
heapSort;fill0To5;500;87836;50434
insertionSort;fill0To5;500;3416;4494
mergeSort;fill0To5;500;218110;51648
quickSort;fill0To5;500;28813;11996
selectionSort;fill0To5;500;520063;377746
shellSortCiuraSequence;fill0To5;500;18563;14792
shellSortShellSequence;fill0To5;500;25870;17565
binaryInsertionSort;fill0To4000;500;84066;3608
bubbleSort;fill0To4000;500;548226;750499
bubbleSortIverson1;fill0To4000;500;2156;3005
bubbleSortIverson2;fill0To4000;500;4566;6002
countingSort;fill0To4000;500;42913;14501
heapSort;fill0To4000;500;119913;66630
insertionSort;fill0To4000;500;3683;4494
mergeSort;fill0To4000;500;222740;51648
quickSort;fill0To4000;500;15840;9834
selectionSort;fill0To4000;500;504753;377746
shellSortCiuraSequence;fill0To4000;500;17803;14792
shellSortShellSequence;fill0To4000;500;24090;17565
binaryInsertionSort;almostSorted;500;71230;3496
bubbleSort;almostSorted;500;578980;750499
bubbleSortIverson1;almostSorted;500;2536;3005
bubbleSortIverson2;almostSorted;500;4873;6002
countingSort;almostSorted;500;15936;4007
heapSort;almostSorted;500;117803;66833
insertionSort;almostSorted;500;3663;4494
mergeSort;almostSorted;500;216163;51648
quickSort;almostSorted;500;14513;9546
selectionSort;almostSorted;500;508240;377746
shellSortCiuraSequence;almostSorted;500;17803;14792
shellSortShellSequence;almostSorted;500;24100;17565
binaryInsertionSort;backwardSorted;500;82913;3496
bubbleSort;backwardSorted;500;538640;750499
bubbleSortIverson1;backwardSorted;500;2406;3005
bubbleSortIverson2;backwardSorted;500;4273;6002
countingSort;backwardSorted;500;38220;14807
heapSort;backwardSorted;500;112450;66833
insertionSort;backwardSorted;500;3426;4494
mergeSort;backwardSorted;500;215730;51648
quickSort;backwardSorted;500;14410;9546
selectionSort;backwardSorted;500;505513;377746
shellSortCiuraSequence;backwardSorted;500;17866;14792
shellSortShellSequence;backwardSorted;500;24066;17565
binaryInsertionSort;fill0To5;600;250270;148240
bubbleSort;fill0To5;600;775616;1080599
bubbleSortIverson1;fill0To5;600;2596;3605
bubbleSortIverson2;fill0To5;600;5386;7202
countingSort;fill0To5;600;14416;3019
heapSort;fill0To5;600;108316;61698
insertionSort;fill0To5;600;4110;5394
mergeSort;fill0To5;600;265786;63884
quickSort;fill0To5;600;36103;15266
selectionSort;fill0To5;600;724803;543296
shellSortCiuraSequence;fill0To5;600;27473;18392
shellSortShellSequence;fill0To5;600;33766;24059
binaryInsertionSort;fill0To4000;600;94510;4360
bubbleSort;fill0To4000;600;850976;1080599
bubbleSortIverson1;fill0To4000;600;2566;3605
bubbleSortIverson2;fill0To4000;600;5396;7202
countingSort;fill0To4000;600;46916;14995
heapSort;fill0To4000;600;140233;82144
insertionSort;fill0To4000;600;4356;5394
mergeSort;fill0To4000;600;266280;63884
quickSort;fill0To4000;600;19956;12521
selectionSort;fill0To4000;600;722623;543296
shellSortCiuraSequence;fill0To4000;600;22090;18392
shellSortShellSequence;fill0To4000;600;33186;24059
binaryInsertionSort;almostSorted;600;89500;4196
bubbleSort;almostSorted;600;776143;1080599
bubbleSortIverson1;almostSorted;600;2596;3605
bubbleSortIverson2;almostSorted;600;5390;7202
countingSort;almostSorted;600;18056;4807
heapSort;almostSorted;600;139863;82708
insertionSort;almostSorted;600;4333;5394
mergeSort;almostSorted;600;265590;63884
quickSort;almostSorted;600;19086;12214
selectionSort;almostSorted;600;723013;543296
shellSortCiuraSequence;almostSorted;600;22010;18392
shellSortShellSequence;almostSorted;600;33053;24059
binaryInsertionSort;backwardSorted;600;104623;4196
bubbleSort;backwardSorted;600;833756;1080599
bubbleSortIverson1;backwardSorted;600;2570;3605
bubbleSortIverson2;backwardSorted;600;5373;7202
countingSort;backwardSorted;600;40830;15307
heapSort;backwardSorted;600;140076;82708
insertionSort;backwardSorted;600;4110;5394
mergeSort;backwardSorted;600;267626;63884
quickSort;backwardSorted;600;18796;12214
selectionSort;backwardSorted;600;731203;543296
shellSortCiuraSequence;backwardSorted;600;22243;18392
shellSortShellSequence;backwardSorted;600;33320;24059
binaryInsertionSort;fill0To5;700;329366;199740
bubbleSort;fill0To5;700;1072293;1470699
bubbleSortIverson1;fill0To5;700;3003;4205
bubbleSortIverson2;fill0To5;700;6270;8402
countingSort;fill0To5;700;16683;3519
heapSort;fill0To5;700;127143;73927
insertionSort;fill0To5;700;5076;6294
mergeSort;fill0To5;700;310693;76172
quickSort;fill0To5;700;46016;18980
selectionSort;fill0To5;700;980590;738846
shellSortCiuraSequence;fill0To5;700;26490;21992
shellSortShellSequence;fill0To5;700;38776;28069
binaryInsertionSort;fill0To4000;700;114443;5136
bubbleSort;fill0To4000;700;1074376;1470699
bubbleSortIverson1;fill0To4000;700;3166;4205
bubbleSortIverson2;fill0To4000;700;6230;8402
countingSort;fill0To4000;700;49846;15495
heapSort;fill0To4000;700;168333;98761
insertionSort;fill0To4000;700;5226;6294
mergeSort;fill0To4000;700;375656;76172
quickSort;fill0To4000;700;24103;15294
selectionSort;fill0To4000;700;981330;738846
shellSortCiuraSequence;fill0To4000;700;26190;21992
shellSortShellSequence;fill0To4000;700;38503;28069
binaryInsertionSort;almostSorted;700;109153;4896
bubbleSort;almostSorted;700;1080783;1470699
bubbleSortIverson1;almostSorted;700;3250;4205
bubbleSortIverson2;almostSorted;700;5973;8402
countingSort;almostSorted;700;20926;5607
heapSort;almostSorted;700;166680;99136
insertionSort;almostSorted;700;4780;6294
mergeSort;almostSorted;700;308780;76172
quickSort;almostSorted;700;22950;15014
selectionSort;almostSorted;700;980346;738846
shellSortCiuraSequence;almostSorted;700;26170;21992
shellSortShellSequence;almostSorted;700;38486;28069
binaryInsertionSort;backwardSorted;700;129386;4896
bubbleSort;backwardSorted;700;1060906;1470699
bubbleSortIverson1;backwardSorted;700;3003;4205
bubbleSortIverson2;backwardSorted;700;6493;8402
countingSort;backwardSorted;700;42870;15807
heapSort;backwardSorted;700;168043;99136
insertionSort;backwardSorted;700;4783;6294
mergeSort;backwardSorted;700;309743;76172
quickSort;backwardSorted;700;22950;15014
selectionSort;backwardSorted;700;983200;738846
shellSortCiuraSequence;backwardSorted;700;26353;21992
shellSortShellSequence;backwardSorted;700;38493;28069
binaryInsertionSort;fill0To5;800;407886;260468
bubbleSort;fill0To5;800;1376180;1920799
bubbleSortIverson1;fill0To5;800;3676;4805
bubbleSortIverson2;fill0To5;800;7050;9602
countingSort;fill0To5;800;19316;4019
heapSort;fill0To5;800;149660;86854
insertionSort;fill0To5;800;5690;7194
mergeSort;fill0To5;800;359576;88416
quickSort;fill0To5;800;49856;21285
selectionSort;fill0To5;800;1281353;964396
shellSortCiuraSequence;fill0To5;800;31366;25592
shellSortShellSequence;fill0To5;800;44033;32054
binaryInsertionSort;fill0To4000;800;136256;5912
bubbleSort;fill0To4000;800;1377090;1920799
bubbleSortIverson1;fill0To4000;800;3426;4805
bubbleSortIverson2;fill0To4000;800;7053;9602
countingSort;fill0To4000;800;52940;15995
heapSort;fill0To4000;800;196000;114822
insertionSort;fill0To4000;800;5716;7194
mergeSort;fill0To4000;800;358590;88416
quickSort;fill0To4000;800;27996;17645
selectionSort;fill0To4000;800;1281266;964396
shellSortCiuraSequence;fill0To4000;800;30600;25592
shellSortShellSequence;fill0To4000;800;43893;32054
binaryInsertionSort;almostSorted;800;127843;5596
bubbleSort;almostSorted;800;1377896;1920799
bubbleSortIverson1;almostSorted;800;3436;4805
bubbleSortIverson2;almostSorted;800;7083;9602
countingSort;almostSorted;800;23840;6407
heapSort;almostSorted;800;195546;115367
insertionSort;almostSorted;800;5456;7194
mergeSort;almostSorted;800;361453;88416
quickSort;almostSorted;800;27506;17484
selectionSort;almostSorted;800;1281450;964396
shellSortCiuraSequence;almostSorted;800;30613;25592
shellSortShellSequence;almostSorted;800;44210;32054
binaryInsertionSort;backwardSorted;800;153410;5596
bubbleSort;backwardSorted;800;1383626;1920799
bubbleSortIverson1;backwardSorted;800;3656;4805
bubbleSortIverson2;backwardSorted;800;7046;9602
countingSort;backwardSorted;800;44856;16307
heapSort;backwardSorted;800;195726;115367
insertionSort;backwardSorted;800;5686;7194
mergeSort;backwardSorted;800;358630;88416
quickSort;backwardSorted;800;26866;17484
selectionSort;backwardSorted;800;1281416;964396
shellSortCiuraSequence;backwardSorted;800;30570;25592
shellSortShellSequence;backwardSorted;800;44273;32054
binaryInsertionSort;fill0To5;900;502353;329484
bubbleSort;fill0To5;900;1752846;2430899
bubbleSortIverson1;fill0To5;900;4100;5405
bubbleSortIverson2;fill0To5;900;7916;10802
countingSort;fill0To5;900;21463;4519
heapSort;fill0To5;900;171046;99760
insertionSort;fill0To5;900;6140;8094
mergeSort;fill0To5;900;401500;100640
quickSort;fill0To5;900;55303;23510
selectionSort;fill0To5;900;1620336;1219946
shellSortCiuraSequence;fill0To5;900;34856;29192
shellSortShellSequence;fill0To5;900;50350;36059
binaryInsertionSort;fill0To4000;900;156720;6696
bubbleSort;fill0To4000;900;1739853;2430899
bubbleSortIverson1;fill0To4000;900;3860;5405
bubbleSortIverson2;fill0To4000;900;7940;10802
countingSort;fill0To4000;900;62076;16501
heapSort;fill0To4000;900;222140;131226
insertionSort;fill0To4000;900;6126;8094
mergeSort;fill0To4000;900;403076;100640
quickSort;fill0To4000;900;31206;19733
selectionSort;fill0To4000;900;1624250;1219946
shellSortCiuraSequence;fill0To4000;900;34900;29192
shellSortShellSequence;fill0To4000;900;49596;36059
binaryInsertionSort;almostSorted;900;148796;6296
bubbleSort;almostSorted;900;1740166;2430899
bubbleSortIverson1;almostSorted;900;4096;5405
bubbleSortIverson2;almostSorted;900;7670;10802
countingSort;almostSorted;900;26950;7207
heapSort;almostSorted;900;221466;131678
insertionSort;almostSorted;900;6363;8094
mergeSort;almostSorted;900;402906;100640
quickSort;almostSorted;900;28916;19284
selectionSort;almostSorted;900;1627113;1219946
shellSortCiuraSequence;almostSorted;900;34863;29192
shellSortShellSequence;almostSorted;900;49313;36059
binaryInsertionSort;backwardSorted;900;182790;6296
bubbleSort;backwardSorted;900;1741130;2430899
bubbleSortIverson1;backwardSorted;900;4106;5405
bubbleSortIverson2;backwardSorted;900;7793;10802
countingSort;backwardSorted;900;47426;16807
heapSort;backwardSorted;900;229986;131678
insertionSort;backwardSorted;900;6133;8094
mergeSort;backwardSorted;900;401610;100640
quickSort;backwardSorted;900;29606;19284
selectionSort;backwardSorted;900;1636306;1219946
shellSortCiuraSequence;backwardSorted;900;34856;29192
shellSortShellSequence;backwardSorted;900;49553;36059
binaryInsertionSort;fill0To5;1000;602413;406356
bubbleSort;fill0To5;1000;2150523;3000999
bubbleSortIverson1;fill0To5;1000;4506;6005
bubbleSortIverson2;fill0To5;1000;8740;12002
countingSort;fill0To5;1000;23733;5019
heapSort;fill0To5;1000;189933;111004
insertionSort;fill0To5;1000;7023;8994
mergeSort;fill0To5;1000;449410;112812
quickSort;fill0To5;1000;63486;26539
selectionSort;fill0To5;1000;2006786;1505496
shellSortCiuraSequence;fill0To5;1000;39180;32792
shellSortShellSequence;fill0To5;1000;55116;40069
binaryInsertionSort;fill0To4000;1000;180720;7468
bubbleSort;fill0To4000;1000;2146903;3000999
bubbleSortIverson1;fill0To4000;1000;4276;6005
bubbleSortIverson2;fill0To4000;1000;8750;12002
countingSort;fill0To4000;1000;60053;17001
heapSort;fill0To4000;1000;250510;147867
insertionSort;fill0To4000;1000;6793;8994
mergeSort;fill0To4000;1000;449983;112812
quickSort;fill0To4000;1000;34753;22024
selectionSort;fill0To4000;1000;2035980;1505496
shellSortCiuraSequence;fill0To4000;1000;39563;32792
shellSortShellSequence;fill0To4000;1000;55116;40069
binaryInsertionSort;almostSorted;1000;168503;6996
bubbleSort;almostSorted;1000;2197370;3000999
bubbleSortIverson1;almostSorted;1000;4286;6005
bubbleSortIverson2;almostSorted;1000;8750;12002
countingSort;almostSorted;1000;29773;8007
heapSort;almostSorted;1000;249486;148186
insertionSort;almostSorted;1000;7040;8994
mergeSort;almostSorted;1000;445103;112812
quickSort;almostSorted;1000;31940;21084
selectionSort;almostSorted;1000;1998546;1505496
shellSortCiuraSequence;almostSorted;1000;39756;32792
shellSortShellSequence;almostSorted;1000;56313;40069
binaryInsertionSort;backwardSorted;1000;210216;6996
bubbleSort;backwardSorted;1000;2156073;3000999
bubbleSortIverson1;backwardSorted;1000;4533;6005
bubbleSortIverson2;backwardSorted;1000;8750;12002
countingSort;backwardSorted;1000;49753;17307
heapSort;backwardSorted;1000;249433;148186
insertionSort;backwardSorted;1000;7050;8994
mergeSort;backwardSorted;1000;448243;112812
quickSort;backwardSorted;1000;31520;21084
selectionSort;backwardSorted;1000;2010690;1505496
shellSortCiuraSequence;backwardSorted;1000;39453;32792
shellSortShellSequence;backwardSorted;1000;55116;40069
binaryInsertionSort;fill0To5;1100;719590;491604
bubbleSort;fill0To5;1100;2642666;3631099
bubbleSortIverson1;fill0To5;1100;4936;6605
bubbleSortIverson2;fill0To5;1100;9743;13202
countingSort;fill0To5;1100;26240;5519
heapSort;fill0To5;1100;209156;122331
insertionSort;fill0To5;1100;7713;9894
mergeSort;fill0To5;1100;502843;125884
quickSort;fill0To5;1100;72633;28958
selectionSort;fill0To5;1100;2447460;1821046
shellSortCiuraSequence;fill0To5;1100;43726;36442
shellSortShellSequence;fill0To5;1100;68280;49563
binaryInsertionSort;fill0To4000;1100;211930;8268
bubbleSort;fill0To4000;1100;2617610;3631099
bubbleSortIverson1;fill0To4000;1100;4703;6605
bubbleSortIverson2;fill0To4000;1100;9590;13202
countingSort;fill0To4000;1100;63346;17501
heapSort;fill0To4000;1100;285360;165128
insertionSort;fill0To4000;1100;8370;9894
mergeSort;fill0To4000;1100;501450;125884
quickSort;fill0To4000;1100;40326;25001
selectionSort;fill0To4000;1100;2446680;1821046
shellSortCiuraSequence;fill0To4000;1100;43696;36442
shellSortShellSequence;fill0To4000;1100;68593;49563
binaryInsertionSort;almostSorted;1100;191030;7696
bubbleSort;almostSorted;1100;2661500;3631099
bubbleSortIverson1;almostSorted;1100;4683;6605
bubbleSortIverson2;almostSorted;1100;9693;13202
countingSort;almostSorted;1100;32803;8807
heapSort;almostSorted;1100;279416;165365
insertionSort;almostSorted;1100;7846;9894
mergeSort;almostSorted;1100;500983;125884
quickSort;almostSorted;1100;36173;23808
selectionSort;almostSorted;1100;2457083;1821046
shellSortCiuraSequence;almostSorted;1100;43573;36442
shellSortShellSequence;almostSorted;1100;68790;49563
binaryInsertionSort;backwardSorted;1100;246646;7696
bubbleSort;backwardSorted;1100;2632236;3631099
bubbleSortIverson1;backwardSorted;1100;4703;6605
bubbleSortIverson2;backwardSorted;1100;9593;13202
countingSort;backwardSorted;1100;52273;17807
heapSort;backwardSorted;1100;286403;165365
insertionSort;backwardSorted;1100;7470;9894
mergeSort;backwardSorted;1100;503293;125884
quickSort;backwardSorted;1100;36040;23808
selectionSort;backwardSorted;1100;2456746;1821046
shellSortCiuraSequence;backwardSorted;1100;50833;36442
shellSortShellSequence;backwardSorted;1100;68160;49563
binaryInsertionSort;fill0To5;1200;841326;583704
bubbleSort;fill0To5;1200;3137856;4321199
bubbleSortIverson1;fill0To5;1200;5106;7205
bubbleSortIverson2;fill0To5;1200;10423;14402
countingSort;fill0To5;1200;28640;6019
heapSort;fill0To5;1200;228113;133892
insertionSort;fill0To5;1200;8583;10794
mergeSort;fill0To5;1200;548033;139184
quickSort;fill0To5;1200;82953;32498
selectionSort;fill0To5;1200;2895200;2166596
shellSortCiuraSequence;fill0To5;1200;48546;40642
shellSortShellSequence;fill0To5;1200;73970;54063
binaryInsertionSort;fill0To4000;1200;231403;9184
bubbleSort;fill0To4000;1200;3106970;4321199
bubbleSortIverson1;fill0To4000;1200;5113;7205
bubbleSortIverson2;fill0To4000;1200;10736;14402
countingSort;fill0To4000;1200;67356;18004
heapSort;fill0To4000;1200;308266;183103
insertionSort;fill0To4000;1200;8383;10794
mergeSort;fill0To4000;1200;543090;139184
quickSort;fill0To4000;1200;45023;27908
selectionSort;fill0To4000;1200;2912790;2166596
shellSortCiuraSequence;fill0To4000;1200;48806;40642
shellSortShellSequence;fill0To4000;1200;74300;54063
binaryInsertionSort;almostSorted;1200;222193;8396
bubbleSort;almostSorted;1200;3129720;4321199
bubbleSortIverson1;almostSorted;1200;5616;7205
bubbleSortIverson2;almostSorted;1200;10456;14402
countingSort;almostSorted;1200;35780;9607
heapSort;almostSorted;1200;307293;182825
insertionSort;almostSorted;1200;8446;10794
mergeSort;almostSorted;1200;547840;139184
quickSort;almostSorted;1200;40956;26808
selectionSort;almostSorted;1200;2877546;2166596
shellSortCiuraSequence;almostSorted;1200;48546;40642
shellSortShellSequence;almostSorted;1200;74046;54063
binaryInsertionSort;backwardSorted;1200;274676;8396
bubbleSort;backwardSorted;1200;3088760;4321199
bubbleSortIverson1;backwardSorted;1200;5356;7205
bubbleSortIverson2;backwardSorted;1200;10426;14402
countingSort;backwardSorted;1200;54456;18307
heapSort;backwardSorted;1200;306243;182825
insertionSort;backwardSorted;1200;8153;10794
mergeSort;backwardSorted;1200;543980;139184
quickSort;backwardSorted;1200;40756;26808
selectionSort;backwardSorted;1200;2880220;2166596
shellSortCiuraSequence;backwardSorted;1200;48523;40642
shellSortShellSequence;backwardSorted;1200;74043;54063
binaryInsertionSort;fill0To5;1300;958410;683408
bubbleSort;fill0To5;1300;3637913;5071299
bubbleSortIverson1;fill0To5;1300;5536;7805
bubbleSortIverson2;fill0To5;1300;11276;15602
countingSort;fill0To5;1300;30933;6519
heapSort;fill0To5;1300;257770;149608
insertionSort;fill0To5;1300;14070;11694
mergeSort;fill0To5;1300;702123;152424
quickSort;fill0To5;1300;89296;38235
selectionSort;fill0To5;1300;3388826;2542146
shellSortCiuraSequence;fill0To5;1300;53436;44842
shellSortShellSequence;fill0To5;1300;80296;58563
binaryInsertionSort;fill0To4000;1300;253180;9920
bubbleSort;fill0To4000;1300;3624876;5071299
bubbleSortIverson1;fill0To4000;1300;5786;7805
bubbleSortIverson2;fill0To4000;1300;11273;15602
countingSort;fill0To4000;1300;69750;18504
heapSort;fill0To4000;1300;337600;200656
insertionSort;fill0To4000;1300;9123;11694
mergeSort;fill0To4000;1300;620123;152424
quickSort;fill0To4000;1300;50520;30728
selectionSort;fill0To4000;1300;3383343;2542146
shellSortCiuraSequence;fill0To4000;1300;53530;44842
shellSortShellSequence;fill0To4000;1300;80400;58563
binaryInsertionSort;almostSorted;1300;236526;9096
bubbleSort;almostSorted;1300;3623703;5071299
bubbleSortIverson1;almostSorted;1300;5530;7805
bubbleSortIverson2;almostSorted;1300;11413;15602
countingSort;almostSorted;1300;38403;10407
heapSort;almostSorted;1300;334663;200933
insertionSort;almostSorted;1300;9313;11694
mergeSort;almostSorted;1300;594406;152424
quickSort;almostSorted;1300;45396;29808
selectionSort;almostSorted;1300;3370456;2542146
shellSortCiuraSequence;almostSorted;1300;53416;44842
shellSortShellSequence;almostSorted;1300;80393;58563
binaryInsertionSort;backwardSorted;1300;308690;9096
bubbleSort;backwardSorted;1300;3627543;5071299
bubbleSortIverson1;backwardSorted;1300;5766;7805
bubbleSortIverson2;backwardSorted;1300;11830;15602
countingSort;backwardSorted;1300;56296;18807
heapSort;backwardSorted;1300;337226;200933
insertionSort;backwardSorted;1300;9093;11694
mergeSort;backwardSorted;1300;602413;152424
quickSort;backwardSorted;1300;45276;29808
selectionSort;backwardSorted;1300;3418756;2542146
shellSortCiuraSequence;backwardSorted;1300;53413;44842
shellSortShellSequence;backwardSorted;1300;89906;58563
binaryInsertionSort;fill0To5;1400;1113580;798528
bubbleSort;fill0To5;1400;4245556;5881399
bubbleSortIverson1;fill0To5;1400;5963;8405
bubbleSortIverson2;fill0To5;1400;12280;16802
countingSort;fill0To5;1400;33386;7019
heapSort;fill0To5;1400;282286;161498
insertionSort;fill0To5;1400;9736;12594
mergeSort;fill0To5;1400;644673;165660
quickSort;fill0To5;1400;95130;40410
selectionSort;fill0To5;1400;3934943;2947696
shellSortCiuraSequence;fill0To5;1400;58610;49042
shellSortShellSequence;fill0To5;1400;90263;63073
binaryInsertionSort;fill0To4000;1400;286456;10720
bubbleSort;fill0To4000;1400;4215693;5881399
bubbleSortIverson1;fill0To4000;1400;6206;8405
bubbleSortIverson2;fill0To4000;1400;12110;16802
countingSort;fill0To4000;1400;73893;18995
heapSort;fill0To4000;1400;368363;218456
insertionSort;fill0To4000;1400;9746;12594
mergeSort;fill0To4000;1400;635083;165660
quickSort;fill0To4000;1400;53876;33732
selectionSort;fill0To4000;1400;3911926;2947696
shellSortCiuraSequence;fill0To4000;1400;59213;49042
shellSortShellSequence;fill0To4000;1400;86973;63073
binaryInsertionSort;almostSorted;1400;259823;9796
bubbleSort;almostSorted;1400;4206006;5881399
bubbleSortIverson1;almostSorted;1400;6516;8405
bubbleSortIverson2;almostSorted;1400;12133;16802
countingSort;almostSorted;1400;41343;11207
heapSort;almostSorted;1400;364063;218445
insertionSort;almostSorted;1400;11390;12594
mergeSort;almostSorted;1400;636633;165660
quickSort;almostSorted;1400;49060;32808
selectionSort;almostSorted;1400;3930160;2947696
shellSortCiuraSequence;almostSorted;1400;60123;49042
shellSortShellSequence;almostSorted;1400;86906;63073
binaryInsertionSort;backwardSorted;1400;343680;9796
bubbleSort;backwardSorted;1400;4216426;5881399
bubbleSortIverson1;backwardSorted;1400;5963;8405
bubbleSortIverson2;backwardSorted;1400;12123;16802
countingSort;backwardSorted;1400;59866;19307
heapSort;backwardSorted;1400;365970;218445
insertionSort;backwardSorted;1400;9740;12594
mergeSort;backwardSorted;1400;641196;165660
quickSort;backwardSorted;1400;49476;32808
selectionSort;backwardSorted;1400;3936316;2947696
shellSortCiuraSequence;backwardSorted;1400;60183;49042
shellSortShellSequence;backwardSorted;1400;92593;63073
binaryInsertionSort;fill0To5;1500;1496846;909016
bubbleSort;fill0To5;1500;4863273;6751499
bubbleSortIverson1;fill0To5;1500;6383;9005
bubbleSortIverson2;fill0To5;1500;13243;18002
countingSort;fill0To5;1500;37203;7519
heapSort;fill0To5;1500;300906;176136
insertionSort;fill0To5;1500;10416;13494
mergeSort;fill0To5;1500;691686;178840
quickSort;fill0To5;1500;159220;43813
selectionSort;fill0To5;1500;4647496;3383246
shellSortCiuraSequence;fill0To5;1500;64463;53242
shellSortShellSequence;fill0To5;1500;92450;67578
binaryInsertionSort;fill0To4000;1500;308336;11708
bubbleSort;fill0To4000;1500;4819700;6751499
bubbleSortIverson1;fill0To4000;1500;6626;9005
bubbleSortIverson2;fill0To4000;1500;12946;18002
countingSort;fill0To4000;1500;77750;19498
heapSort;fill0To4000;1500;398100;235983
insertionSort;fill0To4000;1500;10623;13494
mergeSort;fill0To4000;1500;686573;178840
quickSort;fill0To4000;1500;58626;36416
selectionSort;fill0To4000;1500;4497713;3383246
shellSortCiuraSequence;fill0To4000;1500;63186;53242
shellSortShellSequence;fill0To4000;1500;92710;67578
binaryInsertionSort;almostSorted;1500;285040;10496
bubbleSort;almostSorted;1500;4823113;6751499
bubbleSortIverson1;almostSorted;1500;9876;9005
bubbleSortIverson2;almostSorted;1500;19950;18002
countingSort;almostSorted;1500;65553;12007
heapSort;almostSorted;1500;433470;236356
insertionSort;almostSorted;1500;10403;13494
mergeSort;almostSorted;1500;688386;178840
quickSort;almostSorted;1500;53760;35808
selectionSort;almostSorted;1500;4527860;3383246
shellSortCiuraSequence;almostSorted;1500;63703;53242
shellSortShellSequence;almostSorted;1500;93716;67578
binaryInsertionSort;backwardSorted;1500;380123;10496
bubbleSort;backwardSorted;1500;4839810;6751499
bubbleSortIverson1;backwardSorted;1500;6606;9005
bubbleSortIverson2;backwardSorted;1500;12960;18002
countingSort;backwardSorted;1500;61166;19807
heapSort;backwardSorted;1500;395903;236356
insertionSort;backwardSorted;1500;10426;13494
mergeSort;backwardSorted;1500;695303;178840
quickSort;backwardSorted;1500;53903;35808
selectionSort;backwardSorted;1500;4490430;3383246
shellSortCiuraSequence;backwardSorted;1500;63516;53242
shellSortShellSequence;backwardSorted;1500;93193;67578
binaryInsertionSort;fill0To5;1600;1394206;1034120
bubbleSort;fill0To5;1600;5486416;7681599
bubbleSortIverson1;fill0To5;1600;6806;9605
bubbleSortIverson2;fill0To5;1600;13936;19202
countingSort;fill0To5;1600;37906;8019
heapSort;fill0To5;1600;322013;188696
insertionSort;fill0To5;1600;11163;14394
mergeSort;fill0To5;1600;740346;192048
quickSort;fill0To5;1600;108726;46310
selectionSort;fill0To5;1600;5122283;3848796
shellSortCiuraSequence;fill0To5;1600;68766;57442
shellSortShellSequence;fill0To5;1600;100050;72058
binaryInsertionSort;fill0To4000;1600;354513;12516
bubbleSort;fill0To4000;1600;5544796;7681599
bubbleSortIverson1;fill0To4000;1600;7050;9605
bubbleSortIverson2;fill0To4000;1600;32093;19202
countingSort;fill0To4000;1600;81373;20004
heapSort;fill0To4000;1600;429556;253793
insertionSort;fill0To4000;1600;11283;14394
mergeSort;fill0To4000;1600;740863;192048
quickSort;fill0To4000;1600;62950;38910
selectionSort;fill0To4000;1600;5143980;3848796
shellSortCiuraSequence;fill0To4000;1600;105776;57442
shellSortShellSequence;fill0To4000;1600;126293;72058
binaryInsertionSort;almostSorted;1600;309690;11196
bubbleSort;almostSorted;1600;5517970;7681599
bubbleSortIverson1;almostSorted;1600;6803;9605
bubbleSortIverson2;almostSorted;1600;14470;19202
countingSort;almostSorted;1600;48700;12807
heapSort;almostSorted;1600;424940;253286
insertionSort;almostSorted;1600;11100;14394
mergeSort;almostSorted;1600;741666;192048
quickSort;almostSorted;1600;57760;38158
selectionSort;almostSorted;1600;5122253;3848796
shellSortCiuraSequence;almostSorted;1600;68870;57442
shellSortShellSequence;almostSorted;1600;98906;72058
binaryInsertionSort;backwardSorted;1600;419176;11196
bubbleSort;backwardSorted;1600;5520690;7681599
bubbleSortIverson1;backwardSorted;1600;7176;9605
bubbleSortIverson2;backwardSorted;1600;13786;19202
countingSort;backwardSorted;1600;63480;20307
heapSort;backwardSorted;1600;425656;253286
insertionSort;backwardSorted;1600;11296;14394
mergeSort;backwardSorted;1600;742170;192048
quickSort;backwardSorted;1600;57573;38158
selectionSort;backwardSorted;1600;5117800;3848796
shellSortCiuraSequence;backwardSorted;1600;68513;57442
shellSortShellSequence;backwardSorted;1600;98550;72058
binaryInsertionSort;fill0To5;1700;1555520;1167464
bubbleSort;fill0To5;1700;6227160;8671699
bubbleSortIverson1;fill0To5;1700;7606;10205
bubbleSortIverson2;fill0To5;1700;14636;20402
countingSort;fill0To5;1700;40560;8519
heapSort;fill0To5;1700;358546;206326
insertionSort;fill0To5;1700;11803;15294
mergeSort;fill0To5;1700;805490;205268
quickSort;fill0To5;1700;118133;49223
selectionSort;fill0To5;1700;5948926;4344346
shellSortCiuraSequence;fill0To5;1700;73776;61642
shellSortShellSequence;fill0To5;1700;105236;76568
binaryInsertionSort;fill0To4000;1700;367680;13256
bubbleSort;fill0To4000;1700;6213470;8671699
bubbleSortIverson1;fill0To4000;1700;7486;10205
bubbleSortIverson2;fill0To4000;1700;14836;20402
countingSort;fill0To4000;1700;85100;20495
heapSort;fill0To4000;1700;457323;271064
insertionSort;fill0To4000;1700;12036;15294
mergeSort;fill0To4000;1700;794220;205268
quickSort;fill0To4000;1700;66696;41480
selectionSort;fill0To4000;1700;5760333;4344346
shellSortCiuraSequence;fill0To4000;1700;73400;61642
shellSortShellSequence;fill0To4000;1700;104840;76568
binaryInsertionSort;almostSorted;1700;335043;11896
bubbleSort;almostSorted;1700;6200253;8671699
bubbleSortIverson1;almostSorted;1700;7236;10205
bubbleSortIverson2;almostSorted;1700;15026;20402
countingSort;almostSorted;1700;50693;13607
heapSort;almostSorted;1700;462543;271995
insertionSort;almostSorted;1700;12273;15294
mergeSort;almostSorted;1700;784096;205268
quickSort;almostSorted;1700;59540;40158
selectionSort;almostSorted;1700;5758940;4344346
shellSortCiuraSequence;almostSorted;1700;73500;61642
shellSortShellSequence;almostSorted;1700;104633;76568
binaryInsertionSort;backwardSorted;1700;456476;11896
bubbleSort;backwardSorted;1700;6193890;8671699
bubbleSortIverson1;backwardSorted;1700;7470;10205
bubbleSortIverson2;backwardSorted;1700;14766;20402
countingSort;backwardSorted;1700;66280;20807
heapSort;backwardSorted;1700;454913;271995
insertionSort;backwardSorted;1700;11743;15294
mergeSort;backwardSorted;1700;784603;205268
quickSort;backwardSorted;1700;59726;40158
selectionSort;backwardSorted;1700;5784180;4344346
shellSortCiuraSequence;backwardSorted;1700;73866;61642
shellSortShellSequence;backwardSorted;1700;105100;76568
binaryInsertionSort;fill0To5;1800;1733803;1307164
bubbleSort;fill0To5;1800;6964826;9721799
bubbleSortIverson1;fill0To5;1800;8030;10805
bubbleSortIverson2;fill0To5;1800;15863;21602
countingSort;fill0To5;1800;43073;9019
heapSort;fill0To5;1800;380723;216072
insertionSort;fill0To5;1800;13210;16194
mergeSort;fill0To5;1800;841726;218396
quickSort;fill0To5;1800;122030;51445
selectionSort;fill0To5;1800;6497240;4869896
shellSortCiuraSequence;fill0To5;1800;78420;65842
shellSortShellSequence;fill0To5;1800;110900;81063
binaryInsertionSort;fill0To4000;1800;394706;14196
bubbleSort;fill0To4000;1800;6941013;9721799
bubbleSortIverson1;fill0To4000;1800;7646;10805
bubbleSortIverson2;fill0To4000;1800;15656;21602
countingSort;fill0To4000;1800;89476;20962
heapSort;fill0To4000;1800;486376;289496
insertionSort;fill0To4000;1800;12470;16194
mergeSort;fill0To4000;1800;829210;218396
quickSort;fill0To4000;1800;71533;44145
selectionSort;fill0To4000;1800;6459070;4869896
shellSortCiuraSequence;fill0To4000;1800;78360;65842
shellSortShellSequence;fill0To4000;1800;111710;81063
binaryInsertionSort;almostSorted;1800;358813;12596
bubbleSort;almostSorted;1800;6942240;9721799
bubbleSortIverson1;almostSorted;1800;7903;10805
bubbleSortIverson2;almostSorted;1800;15503;21602
countingSort;almostSorted;1800;53096;14407
heapSort;almostSorted;1800;482076;289753
insertionSort;almostSorted;1800;12480;16194
mergeSort;almostSorted;1800;830256;218396
quickSort;almostSorted;1800;62526;42158
selectionSort;almostSorted;1800;6529336;4869896
shellSortCiuraSequence;almostSorted;1800;78750;65842
shellSortShellSequence;almostSorted;1800;111173;81063
binaryInsertionSort;backwardSorted;1800;499593;12596
bubbleSort;backwardSorted;1800;7011810;9721799
bubbleSortIverson1;backwardSorted;1800;7896;10805
bubbleSortIverson2;backwardSorted;1800;15616;21602
countingSort;backwardSorted;1800;69156;21307
heapSort;backwardSorted;1800;484963;289753
insertionSort;backwardSorted;1800;12463;16194
mergeSort;backwardSorted;1800;827423;218396
quickSort;backwardSorted;1800;62456;42158
selectionSort;backwardSorted;1800;6632593;4869896
shellSortCiuraSequence;backwardSorted;1800;78770;65842
shellSortShellSequence;backwardSorted;1800;111133;81063
binaryInsertionSort;fill0To5;1900;1923053;1456976
bubbleSort;fill0To5;1900;7754356;10831899
bubbleSortIverson1;fill0To5;1900;8333;11405
bubbleSortIverson2;fill0To5;1900;16476;22802
countingSort;fill0To5;1900;45413;9519
heapSort;fill0To5;1900;390633;231471
insertionSort;fill0To5;1900;13123;17094
mergeSort;fill0To5;1900;882370;231560
quickSort;fill0To5;1900;135140;54771
selectionSort;fill0To5;1900;7232410;5425446
shellSortCiuraSequence;fill0To5;1900;83490;70042
shellSortShellSequence;fill0To5;1900;117863;85578
binaryInsertionSort;fill0To4000;1900;426280;15172
bubbleSort;fill0To4000;1900;7733523;10831899
bubbleSortIverson1;fill0To4000;1900;8303;11405
bubbleSortIverson2;fill0To4000;1900;16340;22802
countingSort;fill0To4000;1900;93923;21504
heapSort;fill0To4000;1900;515786;307263
insertionSort;fill0To4000;1900;13136;17094
mergeSort;fill0To4000;1900;889363;231560
quickSort;fill0To4000;1900;76020;46921
selectionSort;fill0To4000;1900;7228866;5425446
shellSortCiuraSequence;fill0To4000;1900;84030;70042
shellSortShellSequence;fill0To4000;1900;117520;85578
binaryInsertionSort;almostSorted;1900;389680;13296
bubbleSort;almostSorted;1900;7760503;10831899
bubbleSortIverson1;almostSorted;1900;8680;11405
bubbleSortIverson2;almostSorted;1900;16476;22802
countingSort;almostSorted;1900;58786;15207
heapSort;almostSorted;1900;524136;307783
insertionSort;almostSorted;1900;13416;17094
mergeSort;almostSorted;1900;1073873;231560
quickSort;almostSorted;1900;66696;44158
selectionSort;almostSorted;1900;7533346;5425446
shellSortCiuraSequence;almostSorted;1900;83620;70042
shellSortShellSequence;almostSorted;1900;119320;85578
binaryInsertionSort;backwardSorted;1900;544866;13296
bubbleSort;backwardSorted;1900;7776016;10831899
bubbleSortIverson1;backwardSorted;1900;8350;11405
bubbleSortIverson2;backwardSorted;1900;16486;22802
countingSort;backwardSorted;1900;70700;21807
heapSort;backwardSorted;1900;512236;307783
insertionSort;backwardSorted;1900;13673;17094
mergeSort;backwardSorted;1900;875580;231560
quickSort;backwardSorted;1900;64723;44158
selectionSort;backwardSorted;1900;7194690;5425446
shellSortCiuraSequence;backwardSorted;1900;83686;70042
shellSortShellSequence;backwardSorted;1900;117170;85578
binaryInsertionSort;fill0To5;2000;2095370;1610372
bubbleSort;fill0To5;2000;8586566;12001999
bubbleSortIverson1;fill0To5;2000;8736;12005
bubbleSortIverson2;fill0To5;2000;17313;24002
countingSort;fill0To5;2000;47200;10019
heapSort;fill0To5;2000;413600;243310
insertionSort;fill0To5;2000;14223;17994
mergeSort;fill0To5;2000;922900;244640
quickSort;fill0To5;2000;142266;58555
selectionSort;fill0To5;2000;7980633;6010996
shellSortCiuraSequence;fill0To5;2000;88573;74242
shellSortShellSequence;fill0To5;2000;123286;90073
binaryInsertionSort;fill0To4000;2000;456676;15988
bubbleSort;fill0To4000;2000;8848303;12001999
bubbleSortIverson1;fill0To4000;2000;8753;12005
bubbleSortIverson2;fill0To4000;2000;17310;24002
countingSort;fill0To4000;2000;97716;21998
heapSort;fill0To4000;2000;546853;325556
insertionSort;fill0To4000;2000;13946;17994
mergeSort;fill0To4000;2000;924296;244640
quickSort;fill0To4000;2000;80753;49423
selectionSort;fill0To4000;2000;7979620;6010996
shellSortCiuraSequence;fill0To4000;2000;88693;74242
shellSortShellSequence;fill0To4000;2000;143743;90073
binaryInsertionSort;almostSorted;2000;410820;13996
bubbleSort;almostSorted;2000;8598476;12001999
bubbleSortIverson1;almostSorted;2000;8750;12005
bubbleSortIverson2;almostSorted;2000;17333;24002
countingSort;almostSorted;2000;59096;16007
heapSort;almostSorted;2000;540083;323769
insertionSort;almostSorted;2000;13803;17994
mergeSort;almostSorted;2000;923173;244640
quickSort;almostSorted;2000;67580;46158
selectionSort;almostSorted;2000;7977730;6010996
shellSortCiuraSequence;almostSorted;2000;88813;74242
shellSortShellSequence;almostSorted;2000;124483;90073
binaryInsertionSort;backwardSorted;2000;581533;13996
bubbleSort;backwardSorted;2000;8564463;12001999
bubbleSortIverson1;backwardSorted;2000;8490;12005
bubbleSortIverson2;backwardSorted;2000;17316;24002
countingSort;backwardSorted;2000;72556;22307
heapSort;backwardSorted;2000;539970;323769
insertionSort;backwardSorted;2000;13803;17994
mergeSort;backwardSorted;2000;925043;244640
quickSort;backwardSorted;2000;67436;46158
selectionSort;backwardSorted;2000;8004490;6010996
shellSortCiuraSequence;backwardSorted;2000;89126;74242
shellSortShellSequence;backwardSorted;2000;123403;90073
binaryInsertionSort;fill0To5;2100;2298643;1780332
bubbleSort;fill0To5;2100;9443636;13232099
bubbleSortIverson1;fill0To5;2100;9173;12605
bubbleSortIverson2;fill0To5;2100;18560;25202
countingSort;fill0To5;2100;49863;10519
heapSort;fill0To5;2100;439066;256962
insertionSort;fill0To5;2100;14456;18894
mergeSort;fill0To5;2100;972616;258368
quickSort;fill0To5;2100;161923;60480
selectionSort;fill0To5;2100;8783846;6626546
shellSortCiuraSequence;fill0To5;2100;97933;78442
shellSortShellSequence;fill0To5;2100;144686;105067
binaryInsertionSort;fill0To4000;2100;485186;16748
bubbleSort;fill0To4000;2100;9442050;13232099
bubbleSortIverson1;fill0To4000;2100;9246;12605
bubbleSortIverson2;fill0To4000;2100;18116;25202
countingSort;fill0To4000;2100;103243;22495
heapSort;fill0To4000;2100;583303;343736
insertionSort;fill0To4000;2100;14420;18894
mergeSort;fill0To4000;2100;974433;258368
quickSort;fill0To4000;2100;88503;52343
selectionSort;fill0To4000;2100;8790406;6626546
shellSortCiuraSequence;fill0To4000;2100;93606;78442
shellSortShellSequence;fill0To4000;2100;144556;105067
binaryInsertionSort;almostSorted;2100;436830;14696
bubbleSort;almostSorted;2100;9489536;13232099
bubbleSortIverson1;almostSorted;2100;9163;12605
bubbleSortIverson2;almostSorted;2100;18176;25202
countingSort;almostSorted;2100;63150;16807
heapSort;almostSorted;2100;575786;344236
insertionSort;almostSorted;2100;15706;18894
mergeSort;almostSorted;2100;968650;258368
quickSort;almostSorted;2100;92176;48794
selectionSort;almostSorted;2100;8861513;6626546
shellSortCiuraSequence;almostSorted;2100;93946;78442
shellSortShellSequence;almostSorted;2100;144076;105067
binaryInsertionSort;backwardSorted;2100;626986;14696
bubbleSort;backwardSorted;2100;9472316;13232099
bubbleSortIverson1;backwardSorted;2100;9150;12605
bubbleSortIverson2;backwardSorted;2100;18166;25202
countingSort;backwardSorted;2100;84056;22807
heapSort;backwardSorted;2100;579660;344236
insertionSort;backwardSorted;2100;14490;18894
mergeSort;backwardSorted;2100;971160;258368
quickSort;backwardSorted;2100;72846;48794
selectionSort;backwardSorted;2100;8833203;6626546
shellSortCiuraSequence;backwardSorted;2100;93713;78442
shellSortShellSequence;backwardSorted;2100;144406;105067
binaryInsertionSort;fill0To5;2200;2498240;1948748
bubbleSort;fill0To5;2200;10363203;14522199
bubbleSortIverson1;fill0To5;2200;9596;13205
bubbleSortIverson2;fill0To5;2200;19053;26402
countingSort;fill0To5;2200;51863;11019
heapSort;fill0To5;2200;451840;268003
insertionSort;fill0To5;2200;15183;19794
mergeSort;fill0To5;2200;1279143;272684
quickSort;fill0To5;2200;154370;63409
selectionSort;fill0To5;2200;9657720;7272096
shellSortCiuraSequence;fill0To5;2200;99123;82642
shellSortShellSequence;fill0To5;2200;152580;110067
binaryInsertionSort;fill0To4000;2200;521970;17892
bubbleSort;fill0To4000;2200;10367170;14522199
bubbleSortIverson1;fill0To4000;2200;9560;13205
bubbleSortIverson2;fill0To4000;2200;18843;26402
countingSort;fill0To4000;2200;105080;23004
heapSort;fill0To4000;2200;608563;362675
insertionSort;fill0To4000;2200;15250;19794
mergeSort;fill0To4000;2200;1123293;272684
quickSort;fill0To4000;2200;150836;55913
selectionSort;fill0To4000;2200;9767556;7272096
shellSortCiuraSequence;fill0To4000;2200;100423;82642
shellSortShellSequence;fill0To4000;2200;152583;110067
binaryInsertionSort;almostSorted;2200;467560;15396
bubbleSort;almostSorted;2200;10418186;14522199
bubbleSortIverson1;almostSorted;2200;9750;13205
bubbleSortIverson2;almostSorted;2200;19006;26402
countingSort;almostSorted;2200;65450;17607
heapSort;almostSorted;2200;610183;363411
insertionSort;almostSorted;2200;15343;19794
mergeSort;almostSorted;2200;1044063;272684
quickSort;almostSorted;2200;77830;51994
selectionSort;almostSorted;2200;9689066;7272096
shellSortCiuraSequence;almostSorted;2200;100093;82642
shellSortShellSequence;almostSorted;2200;152780;110067
binaryInsertionSort;backwardSorted;2200;678283;15396
bubbleSort;backwardSorted;2200;10421073;14522199
bubbleSortIverson1;backwardSorted;2200;10320;13205
bubbleSortIverson2;backwardSorted;2200;18876;26402
countingSort;backwardSorted;2200;77430;23307
heapSort;backwardSorted;2200;603506;363411
insertionSort;backwardSorted;2200;15296;19794
mergeSort;backwardSorted;2200;1020733;272684
quickSort;backwardSorted;2200;77560;51994
selectionSort;backwardSorted;2200;9650073;7272096
shellSortCiuraSequence;backwardSorted;2200;98620;82642
shellSortShellSequence;backwardSorted;2200;151106;110067
binaryInsertionSort;fill0To5;2300;2722190;2133536
bubbleSort;fill0To5;2300;11378693;15872299
bubbleSortIverson1;fill0To5;2300;10123;13805
bubbleSortIverson2;fill0To5;2300;19880;27602
countingSort;fill0To5;2300;67606;11519
heapSort;fill0To5;2300;484483;285238
insertionSort;fill0To5;2300;15866;20694
mergeSort;fill0To5;2300;1065160;286912
quickSort;fill0To5;2300;159693;66139
selectionSort;fill0To5;2300;10547566;7947646
shellSortCiuraSequence;fill0To5;2300;103636;86842
shellSortShellSequence;fill0To5;2300;157570;115082
binaryInsertionSort;fill0To4000;2300;557753;18628
bubbleSort;fill0To4000;2300;11328700;15872299
bubbleSortIverson1;fill0To4000;2300;10006;13805
bubbleSortIverson2;fill0To4000;2300;19893;27602
countingSort;fill0To4000;2300;109170;23492
heapSort;fill0To4000;2300;693190;381998
insertionSort;fill0To4000;2300;15823;20694
mergeSort;fill0To4000;2300;1067596;286912
quickSort;fill0To4000;2300;97003;58939
selectionSort;fill0To4000;2300;10555720;7947646
shellSortCiuraSequence;fill0To4000;2300;103623;86842
shellSortShellSequence;fill0To4000;2300;157316;115082
binaryInsertionSort;almostSorted;2300;499720;16096
bubbleSort;almostSorted;2300;11350083;15872299
bubbleSortIverson1;almostSorted;2300;10006;13805
bubbleSortIverson2;almostSorted;2300;19913;27602
countingSort;almostSorted;2300;68120;18407
heapSort;almostSorted;2300;634466;382734
insertionSort;almostSorted;2300;15980;20694
mergeSort;almostSorted;2300;1081436;286912
quickSort;almostSorted;2300;83766;55194
selectionSort;almostSorted;2300;10564900;7947646
shellSortCiuraSequence;almostSorted;2300;104233;86842
shellSortShellSequence;almostSorted;2300;158213;115082
binaryInsertionSort;backwardSorted;2300;727923;16096
bubbleSort;backwardSorted;2300;11392033;15872299
bubbleSortIverson1;backwardSorted;2300;9996;13805
bubbleSortIverson2;backwardSorted;2300;19846;27602
countingSort;backwardSorted;2300;81063;23807
heapSort;backwardSorted;2300;638713;382734
insertionSort;backwardSorted;2300;15986;20694
mergeSort;backwardSorted;2300;1066633;286912
quickSort;backwardSorted;2300;83423;55194
selectionSort;backwardSorted;2300;10540100;7947646
shellSortCiuraSequence;backwardSorted;2300;103676;86842
shellSortShellSequence;backwardSorted;2300;158346;115082
binaryInsertionSort;fill0To5;2400;2971093;2322760
bubbleSort;fill0To5;2400;12397313;17282399
bubbleSortIverson1;fill0To5;2400;10590;14405
bubbleSortIverson2;fill0To5;2400;20796;28802
countingSort;fill0To5;2400;57470;12019
heapSort;fill0To5;2400;520296;298151
insertionSort;fill0To5;2400;16906;21594
mergeSort;fill0To5;2400;1127146;301184
quickSort;fill0To5;2400;172943;70956
selectionSort;fill0To5;2400;11568776;8653196
shellSortCiuraSequence;fill0To5;2400;109500;91042
shellSortShellSequence;fill0To5;2400;165060;120067
binaryInsertionSort;fill0To4000;2400;592263;19536
bubbleSort;fill0To4000;2400;12337490;17282399
bubbleSortIverson1;fill0To4000;2400;10473;14405
bubbleSortIverson2;fill0To4000;2400;20766;28802
countingSort;fill0To4000;2400;112463;24004
heapSort;fill0To4000;2400;674703;401138
insertionSort;fill0To4000;2400;16720;21594
mergeSort;fill0To4000;2400;1137766;301184
quickSort;fill0To4000;2400;102333;61762
selectionSort;fill0To4000;2400;11495590;8653196
shellSortCiuraSequence;fill0To4000;2400;146083;91042
shellSortShellSequence;fill0To4000;2400;172040;120067
binaryInsertionSort;almostSorted;2400;525146;16796
bubbleSort;almostSorted;2400;12355346;17282399
bubbleSortIverson1;almostSorted;2400;10433;14405
bubbleSortIverson2;almostSorted;2400;20680;28802
countingSort;almostSorted;2400;70846;19207
heapSort;almostSorted;2400;668706;402072
insertionSort;almostSorted;2400;16566;21594
mergeSort;almostSorted;2400;1121903;301184
quickSort;almostSorted;2400;89333;58394
selectionSort;almostSorted;2400;11710540;8653196
shellSortCiuraSequence;almostSorted;2400;109106;91042
shellSortShellSequence;almostSorted;2400;165873;120067
binaryInsertionSort;backwardSorted;2400;776960;16796
bubbleSort;backwardSorted;2400;12404643;17282399
bubbleSortIverson1;backwardSorted;2400;10620;14405
bubbleSortIverson2;backwardSorted;2400;20810;28802
countingSort;backwardSorted;2400;81916;24307
heapSort;backwardSorted;2400;682203;402072
insertionSort;backwardSorted;2400;16703;21594
mergeSort;backwardSorted;2400;1126606;301184
quickSort;backwardSorted;2400;88283;58394
selectionSort;backwardSorted;2400;11533273;8653196
shellSortCiuraSequence;backwardSorted;2400;110946;91042
shellSortShellSequence;backwardSorted;2400;165513;120067
binaryInsertionSort;fill0To5;2500;3187116;2513856
bubbleSort;fill0To5;2500;13483313;18752499
bubbleSortIverson1;fill0To5;2500;11056;15005
bubbleSortIverson2;fill0To5;2500;22383;30002
countingSort;fill0To5;2500;59910;12519
heapSort;fill0To5;2500;527133;311893
insertionSort;fill0To5;2500;17430;22494
mergeSort;fill0To5;2500;1171706;315372
quickSort;fill0To5;2500;176196;73405
selectionSort;fill0To5;2500;12501803;9388746
shellSortCiuraSequence;fill0To5;2500;114616;95242
shellSortShellSequence;fill0To5;2500;171796;125072
binaryInsertionSort;fill0To4000;2500;636140;20636
bubbleSort;fill0To4000;2500;13451360;18752499
bubbleSortIverson1;fill0To4000;2500;10880;15005
bubbleSortIverson2;fill0To4000;2500;21816;30002
countingSort;fill0To4000;2500;119290;24501
heapSort;fill0To4000;2500;718050;420154
insertionSort;fill0To4000;2500;17340;22494
mergeSort;fill0To4000;2500;1183466;315372
quickSort;fill0To4000;2500;108533;65033
selectionSort;fill0To4000;2500;12526870;9388746
shellSortCiuraSequence;fill0To4000;2500;114146;95242
shellSortShellSequence;fill0To4000;2500;171963;125072
binaryInsertionSort;almostSorted;2500;558636;17496
bubbleSort;almostSorted;2500;13759136;18752499
bubbleSortIverson1;almostSorted;2500;10876;15005
bubbleSortIverson2;almostSorted;2500;21520;30002
countingSort;almostSorted;2500;74203;20007
heapSort;almostSorted;2500;715836;421445
insertionSort;almostSorted;2500;17310;22494
mergeSort;almostSorted;2500;1169706;315372
quickSort;almostSorted;2500;91410;61594
selectionSort;almostSorted;2500;12514670;9388746
shellSortCiuraSequence;almostSorted;2500;114816;95242
shellSortShellSequence;almostSorted;2500;172420;125072
binaryInsertionSort;backwardSorted;2500;834980;17496
bubbleSort;backwardSorted;2500;13477646;18752499
bubbleSortIverson1;backwardSorted;2500;11143;15005
bubbleSortIverson2;backwardSorted;2500;21536;30002
countingSort;backwardSorted;2500;84406;24807
heapSort;backwardSorted;2500;701123;421445
insertionSort;backwardSorted;2500;17390;22494
mergeSort;backwardSorted;2500;1172706;315372
quickSort;backwardSorted;2500;91520;61594
selectionSort;backwardSorted;2500;12490400;9388746
shellSortCiuraSequence;backwardSorted;2500;114380;95242
shellSortShellSequence;backwardSorted;2500;172810;125072
binaryInsertionSort;fill0To5;2600;3413360;2718216
bubbleSort;fill0To5;2600;14566236;20282599
bubbleSortIverson1;fill0To5;2600;11426;15605
bubbleSortIverson2;fill0To5;2600;22670;31202
countingSort;fill0To5;2600;61693;13019
heapSort;fill0To5;2600;552530;328310
insertionSort;fill0To5;2600;18010;23394
mergeSort;fill0To5;2600;1220923;329564
quickSort;fill0To5;2600;195953;82856
selectionSort;fill0To5;2600;13539856;10154296
shellSortCiuraSequence;fill0To5;2600;118893;99442
shellSortShellSequence;fill0To5;2600;178663;130067
binaryInsertionSort;fill0To4000;2600;662200;21712
bubbleSort;fill0To4000;2600;14562943;20282599
bubbleSortIverson1;fill0To4000;2600;11266;15605
bubbleSortIverson2;fill0To4000;2600;22463;31202
countingSort;fill0To4000;2600;120513;25004
heapSort;fill0To4000;2600;737860;439729
insertionSort;fill0To4000;2600;18013;23394
mergeSort;fill0To4000;2600;1213623;329564
quickSort;fill0To4000;2600;114273;68125
selectionSort;fill0To4000;2600;13576536;10154296
shellSortCiuraSequence;fill0To4000;2600;119573;99442
shellSortShellSequence;fill0To4000;2600;179853;130067
binaryInsertionSort;almostSorted;2600;581876;18196
bubbleSort;almostSorted;2600;14545923;20282599
bubbleSortIverson1;almostSorted;2600;11273;15605
bubbleSortIverson2;almostSorted;2600;22386;31202
countingSort;almostSorted;2600;76946;20807
heapSort;almostSorted;2600;728126;440947
insertionSort;almostSorted;2600;17996;23394
mergeSort;almostSorted;2600;1219480;329564
quickSort;almostSorted;2600;97340;64794
selectionSort;almostSorted;2600;13538283;10154296
shellSortCiuraSequence;almostSorted;2600;138586;99442
shellSortShellSequence;almostSorted;2600;178716;130067
binaryInsertionSort;backwardSorted;2600;878363;18196
bubbleSort;backwardSorted;2600;14481930;20282599
bubbleSortIverson1;backwardSorted;2600;11286;15605
bubbleSortIverson2;backwardSorted;2600;22586;31202
countingSort;backwardSorted;2600;87090;25307
heapSort;backwardSorted;2600;732560;440947
insertionSort;backwardSorted;2600;18540;23394
mergeSort;backwardSorted;2600;1219003;329564
quickSort;backwardSorted;2600;97200;64794
selectionSort;backwardSorted;2600;13530196;10154296
shellSortCiuraSequence;backwardSorted;2600;123806;99442
shellSortShellSequence;backwardSorted;2600;179883;130067
binaryInsertionSort;fill0To5;2700;3706180;2930388
bubbleSort;fill0To5;2700;15658140;21872699
bubbleSortIverson1;fill0To5;2700;11730;16205
bubbleSortIverson2;fill0To5;2700;23520;32402
countingSort;fill0To5;2700;63816;13519
heapSort;fill0To5;2700;570540;339978
insertionSort;fill0To5;2700;18726;24294
mergeSort;fill0To5;2700;1424923;343784
quickSort;fill0To5;2700;207530;87650
selectionSort;fill0To5;2700;14590620;10949846
shellSortCiuraSequence;fill0To5;2700;124840;103642
shellSortShellSequence;fill0To5;2700;184656;135072
binaryInsertionSort;fill0To4000;2700;694903;22472
bubbleSort;fill0To4000;2700;15604636;21872699
bubbleSortIverson1;fill0To4000;2700;11713;16205
bubbleSortIverson2;fill0To4000;2700;23383;32402
countingSort;fill0To4000;2700;123336;25501
heapSort;fill0To4000;2700;767776;459247
insertionSort;fill0To4000;2700;18650;24294
mergeSort;fill0To4000;2700;1263706;343784
quickSort;fill0To4000;2700;119696;71041
selectionSort;fill0To4000;2700;14535840;10949846
shellSortCiuraSequence;fill0To4000;2700;123520;103642
shellSortShellSequence;fill0To4000;2700;185116;135072
binaryInsertionSort;almostSorted;2700;615650;18896
bubbleSort;almostSorted;2700;15688620;21872699
bubbleSortIverson1;almostSorted;2700;11916;16205
bubbleSortIverson2;almostSorted;2700;23683;32402
countingSort;almostSorted;2700;80163;21607
heapSort;almostSorted;2700;758176;460057
insertionSort;almostSorted;2700;18903;24294
mergeSort;almostSorted;2700;1276653;343784
quickSort;almostSorted;2700;102620;67994
selectionSort;almostSorted;2700;14572096;10949846
shellSortCiuraSequence;almostSorted;2700;124406;103642
shellSortShellSequence;almostSorted;2700;184936;135072
binaryInsertionSort;backwardSorted;2700;946256;18896
bubbleSort;backwardSorted;2700;16128626;21872699
bubbleSortIverson1;backwardSorted;2700;12500;16205
bubbleSortIverson2;backwardSorted;2700;23630;32402
countingSort;backwardSorted;2700;89303;25807
heapSort;backwardSorted;2700;760460;460057
insertionSort;backwardSorted;2700;19230;24294
mergeSort;backwardSorted;2700;1279053;343784
quickSort;backwardSorted;2700;102680;67994
selectionSort;backwardSorted;2700;14533073;10949846
shellSortCiuraSequence;backwardSorted;2700;124050;103642
shellSortShellSequence;backwardSorted;2700;188270;135072
binaryInsertionSort;fill0To5;2800;3942730;3157576
bubbleSort;fill0To5;2800;16790846;23522799
bubbleSortIverson1;fill0To5;2800;12290;16805
bubbleSortIverson2;fill0To5;2800;24766;33602
countingSort;fill0To5;2800;66516;14019
heapSort;fill0To5;2800;590033;350632
insertionSort;fill0To5;2800;19400;25194
mergeSort;fill0To5;2800;1314773;357936
quickSort;fill0To5;2800;212500;90260
selectionSort;fill0To5;2800;15678393;11775396
shellSortCiuraSequence;fill0To5;2800;129373;107842
shellSortShellSequence;fill0To5;2800;191836;140077
binaryInsertionSort;fill0To4000;2800;733683;23460
bubbleSort;fill0To4000;2800;16785800;23522799
bubbleSortIverson1;fill0To4000;2800;12143;16805
bubbleSortIverson2;fill0To4000;2800;24076;33602
countingSort;fill0To4000;2800;127256;26004
heapSort;fill0To4000;2800;801490;477967
insertionSort;fill0To4000;2800;19816;25194
mergeSort;fill0To4000;2800;1335236;357936
quickSort;fill0To4000;2800;124730;74102
selectionSort;fill0To4000;2800;15621623;11775396
shellSortCiuraSequence;fill0To4000;2800;129116;107842
shellSortShellSequence;fill0To4000;2800;191850;140077
binaryInsertionSort;almostSorted;2800;644996;19596
bubbleSort;almostSorted;2800;16805593;23522799
bubbleSortIverson1;almostSorted;2800;12203;16805
bubbleSortIverson2;almostSorted;2800;24193;33602
countingSort;almostSorted;2800;82503;22407
heapSort;almostSorted;2800;807403;479632
insertionSort;almostSorted;2800;19393;25194
mergeSort;almostSorted;2800;1307763;357936
quickSort;almostSorted;2800;105170;71194
selectionSort;almostSorted;2800;15626810;11775396
shellSortCiuraSequence;almostSorted;2800;128760;107842
shellSortShellSequence;almostSorted;2800;193003;140077
binaryInsertionSort;backwardSorted;2800;985166;19596
bubbleSort;backwardSorted;2800;16829593;23522799
bubbleSortIverson1;backwardSorted;2800;12293;16805
bubbleSortIverson2;backwardSorted;2800;24483;33602
countingSort;backwardSorted;2800;98073;26307
heapSort;backwardSorted;2800;795870;479632
insertionSort;backwardSorted;2800;19336;25194
mergeSort;backwardSorted;2800;1317350;357936
quickSort;backwardSorted;2800;112126;71194
selectionSort;backwardSorted;2800;15653506;11775396
shellSortCiuraSequence;backwardSorted;2800;128616;107842
shellSortShellSequence;backwardSorted;2800;191380;140077
binaryInsertionSort;fill0To5;2900;4217293;3382284
bubbleSort;fill0To5;2900;18019626;25232899
bubbleSortIverson1;fill0To5;2900;12920;17405
bubbleSortIverson2;fill0To5;2900;25173;34802
countingSort;fill0To5;2900;68713;14519
heapSort;fill0To5;2900;624406;373043
insertionSort;fill0To5;2900;20016;26094
mergeSort;fill0To5;2900;1366943;372104
quickSort;fill0To5;2900;218736;92586
selectionSort;fill0To5;2900;17032096;12630946
shellSortCiuraSequence;fill0To5;2900;134890;112042
shellSortShellSequence;fill0To5;2900;244380;145077
binaryInsertionSort;fill0To4000;2900;770906;24344
bubbleSort;fill0To4000;2900;18008476;25232899
bubbleSortIverson1;fill0To4000;2900;12686;17405
bubbleSortIverson2;fill0To4000;2900;24870;34802
countingSort;fill0To4000;2900;130540;26504
heapSort;fill0To4000;2900;829930;497765
insertionSort;fill0To4000;2900;20020;26094
mergeSort;fill0To4000;2900;1365690;372104
quickSort;fill0To4000;2900;128473;77107
selectionSort;fill0To4000;2900;16829193;12630946
shellSortCiuraSequence;fill0To4000;2900;133926;112042
shellSortShellSequence;fill0To4000;2900;199243;145077
binaryInsertionSort;almostSorted;2900;681253;20296
bubbleSort;almostSorted;2900;18118426;25232899
bubbleSortIverson1;almostSorted;2900;12536;17405
bubbleSortIverson2;almostSorted;2900;25026;34802
countingSort;almostSorted;2900;85526;23207
heapSort;almostSorted;2900;821453;498799
insertionSort;almostSorted;2900;20016;26094
mergeSort;almostSorted;2900;1369173;372104
quickSort;almostSorted;2900;111303;74394
selectionSort;almostSorted;2900;16745556;12630946
shellSortCiuraSequence;almostSorted;2900;145506;112042
shellSortShellSequence;almostSorted;2900;198420;145077
binaryInsertionSort;backwardSorted;2900;1041580;20296
bubbleSort;backwardSorted;2900;18065630;25232899
bubbleSortIverson1;backwardSorted;2900;12550;17405
bubbleSortIverson2;backwardSorted;2900;25480;34802
countingSort;backwardSorted;2900;96880;26807
heapSort;backwardSorted;2900;868786;498799
insertionSort;backwardSorted;2900;20046;26094
mergeSort;backwardSorted;2900;1410126;372104
quickSort;backwardSorted;2900;110860;74394
selectionSort;backwardSorted;2900;16957533;12630946
shellSortCiuraSequence;backwardSorted;2900;135006;112042
shellSortShellSequence;backwardSorted;2900;198586;145077
binaryInsertionSort;fill0To5;3000;4464836;3620728
bubbleSort;fill0To5;3000;19269716;27002999
bubbleSortIverson1;fill0To5;3000;12966;18005
bubbleSortIverson2;fill0To5;3000;25953;36002
countingSort;fill0To5;3000;70923;15019
heapSort;fill0To5;3000;646483;381907
insertionSort;fill0To5;3000;20673;26994
mergeSort;fill0To5;3000;1415210;386196
quickSort;fill0To5;3000;225136;95078
selectionSort;fill0To5;3000;17954670;13516496
shellSortCiuraSequence;fill0To5;3000;140526;116242
shellSortShellSequence;fill0To5;3000;206546;150082
binaryInsertionSort;fill0To4000;3000;828926;25556
bubbleSort;fill0To4000;3000;19263436;27002999
bubbleSortIverson1;fill0To4000;3000;12976;18005
bubbleSortIverson2;fill0To4000;3000;25946;36002
countingSort;fill0To4000;3000;134976;26998
heapSort;fill0To4000;3000;862253;517020
insertionSort;fill0To4000;3000;20720;26994
mergeSort;fill0To4000;3000;1413550;386196
quickSort;fill0To4000;3000;134203;79886
selectionSort;fill0To4000;3000;17948850;13516496
shellSortCiuraSequence;fill0To4000;3000;143043;116242
shellSortShellSequence;fill0To4000;3000;207850;150082
binaryInsertionSort;almostSorted;3000;715210;20996
bubbleSort;almostSorted;3000;19315733;27002999
bubbleSortIverson1;almostSorted;3000;13510;18005
bubbleSortIverson2;almostSorted;3000;26196;36002
countingSort;almostSorted;3000;89753;24007
heapSort;almostSorted;3000;853573;518574
insertionSort;almostSorted;3000;20716;26994
mergeSort;almostSorted;3000;1413010;386196
quickSort;almostSorted;3000;115836;77594
selectionSort;almostSorted;3000;17944153;13516496
shellSortCiuraSequence;almostSorted;3000;139123;116242
shellSortShellSequence;almostSorted;3000;207446;150082
binaryInsertionSort;backwardSorted;3000;1104970;20996
bubbleSort;backwardSorted;3000;19506726;27002999
bubbleSortIverson1;backwardSorted;3000;12950;18005
bubbleSortIverson2;backwardSorted;3000;26003;36002
countingSort;backwardSorted;3000;95826;27307
heapSort;backwardSorted;3000;854573;518574
insertionSort;backwardSorted;3000;20703;26994
mergeSort;backwardSorted;3000;1414416;386196
quickSort;backwardSorted;3000;116126;77594
selectionSort;backwardSorted;3000;17947970;13516496
shellSortCiuraSequence;backwardSorted;3000;139006;116242
shellSortShellSequence;backwardSorted;3000;206573;150082
binaryInsertionSort;fill0To5;3100;4765126;3871396
bubbleSort;fill0To5;3100;20583403;28833099
bubbleSortIverson1;fill0To5;3100;13376;18605
bubbleSortIverson2;fill0To5;3100;27030;37202
countingSort;fill0To5;3100;73756;15519
heapSort;fill0To5;3100;707683;400166
insertionSort;fill0To5;3100;21406;27894
mergeSort;fill0To5;3100;1478950;400296
quickSort;fill0To5;3100;232063;97646
selectionSort;fill0To5;3100;19185426;14432046
shellSortCiuraSequence;fill0To5;3100;145550;120442
shellSortShellSequence;fill0To5;3100;212926;155072
binaryInsertionSort;fill0To4000;3100;850463;26640
bubbleSort;fill0To4000;3100;20716500;28833099
bubbleSortIverson1;fill0To4000;3100;13513;18605
bubbleSortIverson2;fill0To4000;3100;26570;37202
countingSort;fill0To4000;3100;138283;27501
heapSort;fill0To4000;3100;921503;536187
insertionSort;fill0To4000;3100;21313;27894
mergeSort;fill0To4000;3100;1478053;400296
quickSort;fill0To4000;3100;140396;82939
selectionSort;fill0To4000;3100;19148183;14432046
shellSortCiuraSequence;fill0To4000;3100;143633;120442
shellSortShellSequence;fill0To4000;3100;211966;155072
binaryInsertionSort;almostSorted;3100;743180;21696
bubbleSort;almostSorted;3100;20574213;28833099
bubbleSortIverson1;almostSorted;3100;13783;18605
bubbleSortIverson2;almostSorted;3100;26970;37202
countingSort;almostSorted;3100;91740;24807
heapSort;almostSorted;3100;886396;538042
insertionSort;almostSorted;3100;21470;27894
mergeSort;almostSorted;3100;1475253;400296
quickSort;almostSorted;3100;120326;80504
selectionSort;almostSorted;3100;19234236;14432046
shellSortCiuraSequence;almostSorted;3100;145250;120442
shellSortShellSequence;almostSorted;3100;214190;155072
binaryInsertionSort;backwardSorted;3100;1164300;21696
bubbleSort;backwardSorted;3100;20727753;28833099
bubbleSortIverson1;backwardSorted;3100;13720;18605
bubbleSortIverson2;backwardSorted;3100;26733;37202
countingSort;backwardSorted;3100;98243;27807
heapSort;backwardSorted;3100;891613;538042
insertionSort;backwardSorted;3100;21483;27894
mergeSort;backwardSorted;3100;1474096;400296
quickSort;backwardSorted;3100;119663;80504
selectionSort;backwardSorted;3100;19183513;14432046
shellSortCiuraSequence;backwardSorted;3100;144646;120442
shellSortShellSequence;backwardSorted;3100;214553;155072
binaryInsertionSort;fill0To5;3200;5091326;4114164
bubbleSort;fill0To5;3200;22020266;30723199
bubbleSortIverson1;fill0To5;3200;13953;19205
bubbleSortIverson2;fill0To5;3200;28650;38402
countingSort;fill0To5;3200;76520;16019
heapSort;fill0To5;3200;698173;415351
insertionSort;fill0To5;3200;22693;28794
mergeSort;fill0To5;3200;1522100;414512
quickSort;fill0To5;3200;240853;100743
selectionSort;fill0To5;3200;21320390;15377596
shellSortCiuraSequence;fill0To5;3200;149640;124642
shellSortShellSequence;fill0To5;3200;219656;160062
binaryInsertionSort;fill0To4000;3200;898473;27464
bubbleSort;fill0To4000;3200;22067003;30723199
bubbleSortIverson1;fill0To4000;3200;14423;19205
bubbleSortIverson2;fill0To4000;3200;27766;38402
countingSort;fill0To4000;3200;142393;27998
heapSort;fill0To4000;3200;930783;555805
insertionSort;fill0To4000;3200;22073;28794
mergeSort;fill0To4000;3200;1526563;414512
quickSort;fill0To4000;3200;145846;85910
selectionSort;fill0To4000;3200;20728530;15377596
shellSortCiuraSequence;fill0To4000;3200;148953;124642
shellSortShellSequence;fill0To4000;3200;221793;160062
binaryInsertionSort;almostSorted;3200;795710;22396
bubbleSort;almostSorted;3200;22028913;30723199
bubbleSortIverson1;almostSorted;3200;15170;19205
bubbleSortIverson2;almostSorted;3200;28140;38402
countingSort;almostSorted;3200;94950;25607
heapSort;almostSorted;3200;922743;557407
insertionSort;almostSorted;3200;22320;28794
mergeSort;almostSorted;3200;1532133;414512
quickSort;almostSorted;3200;123883;82704
selectionSort;almostSorted;3200;20502053;15377596
shellSortCiuraSequence;almostSorted;3200;149683;124642
shellSortShellSequence;almostSorted;3200;221336;160062
binaryInsertionSort;backwardSorted;3200;1277930;22396
bubbleSort;backwardSorted;3200;22038640;30723199
bubbleSortIverson1;backwardSorted;3200;13763;19205
bubbleSortIverson2;backwardSorted;3200;27826;38402
countingSort;backwardSorted;3200;100683;28307
heapSort;backwardSorted;3200;919646;557407
insertionSort;backwardSorted;3200;22163;28794
mergeSort;backwardSorted;3200;1516170;414512
quickSort;backwardSorted;3200;123283;82704
selectionSort;backwardSorted;3200;20490966;15377596
shellSortCiuraSequence;backwardSorted;3200;151350;124642
shellSortShellSequence;backwardSorted;3200;221410;160062
binaryInsertionSort;fill0To5;3300;5399936;4377324
bubbleSort;fill0To5;3300;23420163;32673299
bubbleSortIverson1;fill0To5;3300;14323;19805
bubbleSortIverson2;fill0To5;3300;28456;39602
countingSort;fill0To5;3300;78143;16519
heapSort;fill0To5;3300;721543;429667
insertionSort;fill0To5;3300;22873;29694
mergeSort;fill0To5;3300;1568690;428696
quickSort;fill0To5;3300;246640;104032
selectionSort;fill0To5;3300;21802150;16353146
shellSortCiuraSequence;fill0To5;3300;161943;128970
shellSortShellSequence;fill0To5;3300;226723;165077
binaryInsertionSort;fill0To4000;3300;944723;28736
bubbleSort;fill0To4000;3300;23695163;32673299
bubbleSortIverson1;fill0To4000;3300;14366;19805
bubbleSortIverson2;fill0To4000;3300;28976;39602
countingSort;fill0To4000;3300;146556;28504
heapSort;fill0To4000;3300;967466;575132
insertionSort;fill0To4000;3300;23133;29694
mergeSort;fill0To4000;3300;1578800;428696
quickSort;fill0To4000;3300;152833;88983
selectionSort;fill0To4000;3300;21812770;16353146
shellSortCiuraSequence;fill0To4000;3300;155143;128970
shellSortShellSequence;fill0To4000;3300;227900;165077
binaryInsertionSort;almostSorted;3300;820910;23096
bubbleSort;almostSorted;3300;23468526;32673299
bubbleSortIverson1;almostSorted;3300;14316;19805
bubbleSortIverson2;almostSorted;3300;28393;39602
countingSort;almostSorted;3300;97870;26407
heapSort;almostSorted;3300;952263;576535
insertionSort;almostSorted;3300;22980;29694
mergeSort;almostSorted;3300;1573903;428696
quickSort;almostSorted;3300;125600;84904
selectionSort;almostSorted;3300;21789986;16353146
shellSortCiuraSequence;almostSorted;3300;183163;128970
shellSortShellSequence;almostSorted;3300;226476;165077
binaryInsertionSort;backwardSorted;3300;1288720;23096
bubbleSort;backwardSorted;3300;23454543;32673299
bubbleSortIverson1;backwardSorted;3300;14603;19805
bubbleSortIverson2;backwardSorted;3300;28390;39602
countingSort;backwardSorted;3300;103100;28807
heapSort;backwardSorted;3300;951583;576535
insertionSort;backwardSorted;3300;22920;29694
mergeSort;backwardSorted;3300;1568026;428696
quickSort;backwardSorted;3300;124876;84904
selectionSort;backwardSorted;3300;21769593;16353146
shellSortCiuraSequence;backwardSorted;3300;156656;128970
shellSortShellSequence;backwardSorted;3300;227523;165077
binaryInsertionSort;fill0To5;3400;5785196;4652280
bubbleSort;fill0To5;3400;24853410;34683399
bubbleSortIverson1;fill0To5;3400;14660;20405
bubbleSortIverson2;fill0To5;3400;29250;40802
countingSort;fill0To5;3400;80183;17019
heapSort;fill0To5;3400;799090;447392
insertionSort;fill0To5;3400;23386;30594
mergeSort;fill0To5;3400;1615503;442852
quickSort;fill0To5;3400;256403;107370
selectionSort;fill0To5;3400;23130763;17358696
shellSortCiuraSequence;fill0To5;3400;223310;133770
shellSortShellSequence;fill0To5;3400;381510;170072
binaryInsertionSort;fill0To4000;3400;985906;29732
bubbleSort;fill0To4000;3400;24858926;34683399
bubbleSortIverson1;fill0To4000;3400;14686;20405
bubbleSortIverson2;fill0To4000;3400;29360;40802
countingSort;fill0To4000;3400;149600;29004
heapSort;fill0To4000;3400;990220;593731
insertionSort;fill0To4000;3400;23613;30594
mergeSort;fill0To4000;3400;1615360;442852
quickSort;fill0To4000;3400;156676;91953
selectionSort;fill0To4000;3400;23045503;17358696
shellSortCiuraSequence;fill0To4000;3400;159803;133770
shellSortShellSequence;fill0To4000;3400;235003;170072
binaryInsertionSort;almostSorted;3400;841593;23796
bubbleSort;almostSorted;3400;24811416;34683399
bubbleSortIverson1;almostSorted;3400;15250;20405
bubbleSortIverson2;almostSorted;3400;29590;40802
countingSort;almostSorted;3400;118620;27207
heapSort;almostSorted;3400;987113;596309
insertionSort;almostSorted;3400;26020;30594
mergeSort;almostSorted;3400;1621506;442852
quickSort;almostSorted;3400;128663;87104
selectionSort;almostSorted;3400;23124293;17358696
shellSortCiuraSequence;almostSorted;3400;160376;133770
shellSortShellSequence;almostSorted;3400;233690;170072
binaryInsertionSort;backwardSorted;3400;1353966;23796
bubbleSort;backwardSorted;3400;24777070;34683399
bubbleSortIverson1;backwardSorted;3400;15103;20405
bubbleSortIverson2;backwardSorted;3400;29640;40802
countingSort;backwardSorted;3400;104863;29307
heapSort;backwardSorted;3400;983326;596309
insertionSort;backwardSorted;3400;23626;30594
mergeSort;backwardSorted;3400;1619266;442852
quickSort;backwardSorted;3400;127736;87104
selectionSort;backwardSorted;3400;23087103;17358696
shellSortCiuraSequence;backwardSorted;3400;160263;133770
shellSortShellSequence;backwardSorted;3400;234446;170072
binaryInsertionSort;fill0To5;3500;5992753;4919508
bubbleSort;fill0To5;3500;26267683;36753499
bubbleSortIverson1;fill0To5;3500;15210;21005
bubbleSortIverson2;fill0To5;3500;30100;42002
countingSort;fill0To5;3500;82993;17519
heapSort;fill0To5;3500;770950;460781
insertionSort;fill0To5;3500;24176;31494
mergeSort;fill0To5;3500;1657036;456960
quickSort;fill0To5;3500;271256;109456
selectionSort;fill0To5;3500;24628796;18394246
shellSortCiuraSequence;fill0To5;3500;165890;138570
shellSortShellSequence;fill0To5;3500;240270;175082
binaryInsertionSort;fill0To4000;3500;1010316;30724
bubbleSort;fill0To4000;3500;26301553;36753499
bubbleSortIverson1;fill0To4000;3500;15316;21005
bubbleSortIverson2;fill0To4000;3500;30103;42002
countingSort;fill0To4000;3500;151723;29504
heapSort;fill0To4000;3500;1029316;612989
insertionSort;fill0To4000;3500;25223;31494
mergeSort;fill0To4000;3500;1675663;456960
quickSort;fill0To4000;3500;161693;94800
selectionSort;fill0To4000;3500;24481340;18394246
shellSortCiuraSequence;fill0To4000;3500;181423;138570
shellSortShellSequence;fill0To4000;3500;247346;175082
binaryInsertionSort;almostSorted;3500;898986;24496
bubbleSort;almostSorted;3500;26260260;36753499
bubbleSortIverson1;almostSorted;3500;15866;21005
bubbleSortIverson2;almostSorted;3500;30130;42002
countingSort;almostSorted;3500;103570;28007
heapSort;almostSorted;3500;1010460;615676
insertionSort;almostSorted;3500;24103;31494
mergeSort;almostSorted;3500;1663050;456960
quickSort;almostSorted;3500;130723;89304
selectionSort;almostSorted;3500;24507870;18394246
shellSortCiuraSequence;almostSorted;3500;165916;138570
shellSortShellSequence;almostSorted;3500;239823;175082
binaryInsertionSort;backwardSorted;3500;1411756;24496
bubbleSort;backwardSorted;3500;26252990;36753499
bubbleSortIverson1;backwardSorted;3500;15633;21005
bubbleSortIverson2;backwardSorted;3500;30400;42002
countingSort;backwardSorted;3500;108026;29807
heapSort;backwardSorted;3500;1015023;615676
insertionSort;backwardSorted;3500;24223;31494
mergeSort;backwardSorted;3500;1658173;456960
quickSort;backwardSorted;3500;130523;89304
selectionSort;backwardSorted;3500;24485920;18394246
shellSortCiuraSequence;backwardSorted;3500;166313;138570
shellSortShellSequence;backwardSorted;3500;240683;175082
binaryInsertionSort;fill0To5;3600;6343343;5208688
bubbleSort;fill0To5;3600;27876623;38883599
bubbleSortIverson1;fill0To5;3600;15660;21605
bubbleSortIverson2;fill0To5;3600;31240;43202
countingSort;fill0To5;3600;85203;18019
heapSort;fill0To5;3600;792033;470274
insertionSort;fill0To5;3600;25150;32394
mergeSort;fill0To5;3600;1754576;471008
quickSort;fill0To5;3600;302366;112122
selectionSort;fill0To5;3600;25827426;19459796
shellSortCiuraSequence;fill0To5;3600;171103;143370
shellSortShellSequence;fill0To5;3600;246626;180067
binaryInsertionSort;fill0To4000;3600;1075816;31592
bubbleSort;fill0To4000;3600;27778136;38883599
bubbleSortIverson1;fill0To4000;3600;15656;21605
bubbleSortIverson2;fill0To4000;3600;31073;43202
countingSort;fill0To4000;3600;155993;30004
heapSort;fill0To4000;3600;1053003;632839
insertionSort;fill0To4000;3600;24930;32394
mergeSort;fill0To4000;3600;1706026;471008
quickSort;fill0To4000;3600;166413;97670
selectionSort;fill0To4000;3600;25845586;19459796
shellSortCiuraSequence;fill0To4000;3600;172006;143370
shellSortShellSequence;fill0To4000;3600;246500;180067
binaryInsertionSort;almostSorted;3600;918090;25196
bubbleSort;almostSorted;3600;27931640;38883599
bubbleSortIverson1;almostSorted;3600;15843;21605
bubbleSortIverson2;almostSorted;3600;31160;43202
countingSort;almostSorted;3600;106666;28807
heapSort;almostSorted;3600;1052716;635332
insertionSort;almostSorted;3600;25083;32394
mergeSort;almostSorted;3600;1719173;471008
quickSort;almostSorted;3600;133836;91504
selectionSort;almostSorted;3600;25923916;19459796
shellSortCiuraSequence;almostSorted;3600;170863;143370
shellSortShellSequence;almostSorted;3600;248100;180067
binaryInsertionSort;backwardSorted;3600;1478693;25196
bubbleSort;backwardSorted;3600;27770730;38883599
bubbleSortIverson1;backwardSorted;3600;15820;21605
bubbleSortIverson2;backwardSorted;3600;31150;43202
countingSort;backwardSorted;3600;110600;30307
heapSort;backwardSorted;3600;1053566;635332
insertionSort;backwardSorted;3600;25083;32394
mergeSort;backwardSorted;3600;1708403;471008
quickSort;backwardSorted;3600;134656;91504
selectionSort;backwardSorted;3600;25823883;19459796
shellSortCiuraSequence;backwardSorted;3600;172170;143370
shellSortShellSequence;backwardSorted;3600;247680;180067
binaryInsertionSort;fill0To5;3700;6649943;5501056
bubbleSort;fill0To5;3700;29354403;41073699
bubbleSortIverson1;fill0To5;3700;15836;22205
bubbleSortIverson2;fill0To5;3700;32230;44402
countingSort;fill0To5;3700;87520;18519
heapSort;fill0To5;3700;817886;486218
insertionSort;fill0To5;3700;25916;33294
mergeSort;fill0To5;3700;1765643;485156
quickSort;fill0To5;3700;276373;115589
selectionSort;fill0To5;3700;27338253;20555346
shellSortCiuraSequence;fill0To5;3700;176776;148170
shellSortShellSequence;fill0To5;3700;254796;185082
binaryInsertionSort;fill0To4000;3700;1107823;32864
bubbleSort;fill0To4000;3700;29519560;41073699
bubbleSortIverson1;fill0To4000;3700;15946;22205
bubbleSortIverson2;fill0To4000;3700;31810;44402
countingSort;fill0To4000;3700;157333;30504
heapSort;fill0To4000;3700;1088456;652221
insertionSort;fill0To4000;3700;25633;33294
mergeSort;fill0To4000;3700;1806136;485156
quickSort;fill0To4000;3700;173393;101110
selectionSort;fill0To4000;3700;27262303;20555346
shellSortCiuraSequence;fill0To4000;3700;177323;148170
shellSortShellSequence;fill0To4000;3700;254240;185082
binaryInsertionSort;almostSorted;3700;956360;25896
bubbleSort;almostSorted;3700;29611633;41073699
bubbleSortIverson1;almostSorted;3700;16100;22205
bubbleSortIverson2;almostSorted;3700;32400;44402
countingSort;almostSorted;3700;109213;29607
heapSort;almostSorted;3700;1075460;654625
insertionSort;almostSorted;3700;26216;33294
mergeSort;almostSorted;3700;1773970;485156
quickSort;almostSorted;3700;137166;93704
selectionSort;almostSorted;3700;27277793;20555346
shellSortCiuraSequence;almostSorted;3700;176876;148170
shellSortShellSequence;almostSorted;3700;255800;185082
binaryInsertionSort;backwardSorted;3700;1592623;25896
bubbleSort;backwardSorted;3700;29312493;41073699
bubbleSortIverson1;backwardSorted;3700;15963;22205
bubbleSortIverson2;backwardSorted;3700;31790;44402
countingSort;backwardSorted;3700;112966;30807
heapSort;backwardSorted;3700;1075176;654625
insertionSort;backwardSorted;3700;25610;33294
mergeSort;backwardSorted;3700;1769463;485156
quickSort;backwardSorted;3700;138373;93704
selectionSort;backwardSorted;3700;27328676;20555346
shellSortCiuraSequence;backwardSorted;3700;185063;148170
shellSortShellSequence;backwardSorted;3700;253986;185082
binaryInsertionSort;fill0To5;3800;7010350;5797628
bubbleSort;fill0To5;3800;30932366;43323799
bubbleSortIverson1;fill0To5;3800;16326;22805
bubbleSortIverson2;fill0To5;3800;32773;45602
countingSort;fill0To5;3800;91256;19019
heapSort;fill0To5;3800;840146;499750
insertionSort;fill0To5;3800;26156;34194
mergeSort;fill0To5;3800;1810873;499236
quickSort;fill0To5;3800;289710;119181
selectionSort;fill0To5;3800;28802756;21680896
shellSortCiuraSequence;fill0To5;3800;183420;152970
shellSortShellSequence;fill0To5;3800;262380;190082
binaryInsertionSort;fill0To4000;3800;1158213;33568
bubbleSort;fill0To4000;3800;31308240;43323799
bubbleSortIverson1;fill0To4000;3800;16470;22805
bubbleSortIverson2;fill0To4000;3800;32976;45602
countingSort;fill0To4000;3800;161660;31004
heapSort;fill0To4000;3800;1124650;671039
insertionSort;fill0To4000;3800;26583;34194
mergeSort;fill0To4000;3800;1816710;499236
quickSort;fill0To4000;3800;178520;104100
selectionSort;fill0To4000;3800;28771036;21680896
shellSortCiuraSequence;fill0To4000;3800;184236;152970
shellSortShellSequence;fill0To4000;3800;261516;190082
binaryInsertionSort;almostSorted;3800;1000143;26596
bubbleSort;almostSorted;3800;31018413;43323799
bubbleSortIverson1;almostSorted;3800;16530;22805
bubbleSortIverson2;almostSorted;3800;32760;45602
countingSort;almostSorted;3800;112766;30407
heapSort;almostSorted;3800;1109750;674148
insertionSort;almostSorted;3800;26126;34194
mergeSort;almostSorted;3800;1846770;499236
quickSort;almostSorted;3800;141390;95904
selectionSort;almostSorted;3800;28929353;21680896
shellSortCiuraSequence;almostSorted;3800;184936;152970
shellSortShellSequence;almostSorted;3800;262006;190082
binaryInsertionSort;backwardSorted;3800;1617100;26596
bubbleSort;backwardSorted;3800;30974063;43323799
bubbleSortIverson1;backwardSorted;3800;16473;22805
bubbleSortIverson2;backwardSorted;3800;32756;45602
countingSort;backwardSorted;3800;114560;31307
heapSort;backwardSorted;3800;1111860;674148
insertionSort;backwardSorted;3800;26350;34194
mergeSort;backwardSorted;3800;1811086;499236
quickSort;backwardSorted;3800;139160;95904
selectionSort;backwardSorted;3800;28759000;21680896
shellSortCiuraSequence;backwardSorted;3800;183503;152970
shellSortShellSequence;backwardSorted;3800;261973;190082
binaryInsertionSort;fill0To5;3900;7381390;6116052
bubbleSort;fill0To5;3900;32632760;45633899
bubbleSortIverson1;fill0To5;3900;17043;23405
bubbleSortIverson2;fill0To5;3900;33536;46802
countingSort;fill0To5;3900;91723;19519
heapSort;fill0To5;3900;929593;515789
insertionSort;fill0To5;3900;27043;35094
mergeSort;fill0To5;3900;1866313;513284
quickSort;fill0To5;3900;297453;122700
selectionSort;fill0To5;3900;30379660;22836446
shellSortCiuraSequence;fill0To5;3900;188613;157770
shellSortShellSequence;fill0To5;3900;267666;195087
binaryInsertionSort;fill0To4000;3900;1189916;34744
bubbleSort;fill0To4000;3900;32639880;45633899
bubbleSortIverson1;fill0To4000;3900;16773;23405
bubbleSortIverson2;fill0To4000;3900;33633;46802
countingSort;fill0To4000;3900;164483;31504
heapSort;fill0To4000;3900;1151966;690811
insertionSort;fill0To4000;3900;26930;35094
mergeSort;fill0To4000;3900;1857316;513284
quickSort;fill0To4000;3900;184403;107141
selectionSort;fill0To4000;3900;30600913;22836446
shellSortCiuraSequence;fill0To4000;3900;189366;157770
shellSortShellSequence;fill0To4000;3900;267733;195087
binaryInsertionSort;almostSorted;3900;1036770;27296
bubbleSort;almostSorted;3900;32653463;45633899
bubbleSortIverson1;almostSorted;3900;16966;23405
bubbleSortIverson2;almostSorted;3900;33500;46802
countingSort;almostSorted;3900;115296;31207
heapSort;almostSorted;3900;1138666;693479
insertionSort;almostSorted;3900;27346;35094
mergeSort;almostSorted;3900;1851683;513284
quickSort;almostSorted;3900;142533;98104
selectionSort;almostSorted;3900;30304350;22836446
shellSortCiuraSequence;almostSorted;3900;189263;157770
shellSortShellSequence;almostSorted;3900;267370;195087
binaryInsertionSort;backwardSorted;3900;1683033;27296
bubbleSort;backwardSorted;3900;32648913;45633899
bubbleSortIverson1;backwardSorted;3900;16953;23405
bubbleSortIverson2;backwardSorted;3900;33510;46802
countingSort;backwardSorted;3900;118850;31807
heapSort;backwardSorted;3900;1138010;693479
insertionSort;backwardSorted;3900;26816;35094
mergeSort;backwardSorted;3900;1853060;513284
quickSort;backwardSorted;3900;152720;98104
selectionSort;backwardSorted;3900;30314066;22836446
shellSortCiuraSequence;backwardSorted;3900;188606;157770
shellSortShellSequence;backwardSorted;3900;268613;195087
binaryInsertionSort;fill0To5;4000;7900136;6425664
bubbleSort;fill0To5;4000;34251623;48003999
bubbleSortIverson1;fill0To5;4000;17386;24005
bubbleSortIverson2;fill0To5;4000;39676;48002
countingSort;fill0To5;4000;124340;20019
heapSort;fill0To5;4000;889420;531166
insertionSort;fill0To5;4000;28290;35994
mergeSort;fill0To5;4000;1912473;527296
quickSort;fill0To5;4000;310983;127348
selectionSort;fill0To5;4000;31872003;24021996
shellSortCiuraSequence;fill0To5;4000;194566;162570
shellSortShellSequence;fill0To5;4000;274406;200077
binaryInsertionSort;fill0To4000;4000;1235896;36248
bubbleSort;fill0To4000;4000;34250346;48003999
bubbleSortIverson1;fill0To4000;4000;17370;24005
bubbleSortIverson2;fill0To4000;4000;34300;48002
countingSort;fill0To4000;4000;167573;32001
heapSort;fill0To4000;4000;1182776;710312
insertionSort;fill0To4000;4000;27663;35994
mergeSort;fill0To4000;4000;1905240;527296
quickSort;fill0To4000;4000;190056;110294
selectionSort;fill0To4000;4000;31860506;24021996
shellSortCiuraSequence;fill0To4000;4000;194680;162570
shellSortShellSequence;fill0To4000;4000;274076;200077
binaryInsertionSort;almostSorted;4000;1062233;27996
bubbleSort;almostSorted;4000;34319970;48003999
bubbleSortIverson1;almostSorted;4000;17096;24005
bubbleSortIverson2;almostSorted;4000;34966;48002
countingSort;almostSorted;4000;120586;32007
heapSort;almostSorted;4000;1176156;713379
insertionSort;almostSorted;4000;27723;35994
mergeSort;almostSorted;4000;1920773;527296
quickSort;almostSorted;4000;146596;100304
selectionSort;almostSorted;4000;31999800;24021996
shellSortCiuraSequence;almostSorted;4000;194503;162570
shellSortShellSequence;almostSorted;4000;273610;200077
binaryInsertionSort;backwardSorted;4000;1757516;27996
bubbleSort;backwardSorted;4000;34581373;48003999
bubbleSortIverson1;backwardSorted;4000;17440;24005
bubbleSortIverson2;backwardSorted;4000;34883;48002
countingSort;backwardSorted;4000;119743;32307
heapSort;backwardSorted;4000;1173333;713379
insertionSort;backwardSorted;4000;27723;35994
mergeSort;backwardSorted;4000;1942133;527296
quickSort;backwardSorted;4000;145100;100304
selectionSort;backwardSorted;4000;31905780;24021996
shellSortCiuraSequence;backwardSorted;4000;193910;162570
shellSortShellSequence;backwardSorted;4000;274973;200077
binaryInsertionSort;fill0To5;4100;8116193;6747764
bubbleSort;fill0To5;4100;36217006;50434099
bubbleSortIverson1;fill0To5;4100;17813;24605
bubbleSortIverson2;fill0To5;4100;35253;49202
countingSort;fill0To5;4100;96436;20519
heapSort;fill0To5;4100;907800;541284
insertionSort;fill0To5;4100;28333;36894
mergeSort;fill0To5;4100;1949313;541280
quickSort;fill0To5;4100;317070;130106
selectionSort;fill0To5;4100;33583100;25237546
shellSortCiuraSequence;fill0To5;4100;199666;167370
shellSortShellSequence;fill0To5;4100;310206;225561
binaryInsertionSort;fill0To4000;4100;1288210;37352
bubbleSort;fill0To4000;4100;36031220;50434099
bubbleSortIverson1;fill0To4000;4100;17640;24605
bubbleSortIverson2;fill0To4000;4100;35556;49202
countingSort;fill0To4000;4100;171180;32504
heapSort;fill0To4000;4100;1222300;730027
insertionSort;fill0To4000;4100;29026;36894
mergeSort;fill0To4000;4100;1946373;541280
quickSort;fill0To4000;4100;197926;113427
selectionSort;fill0To4000;4100;33514400;25237546
shellSortCiuraSequence;fill0To4000;4100;199940;167370
shellSortShellSequence;fill0To4000;4100;309176;225561
binaryInsertionSort;almostSorted;4100;1102533;28696
bubbleSort;almostSorted;4100;36089326;50434099
bubbleSortIverson1;almostSorted;4100;17956;24605
bubbleSortIverson2;almostSorted;4100;35576;49202
countingSort;almostSorted;4100;121803;32807
heapSort;almostSorted;4100;1204553;732804
insertionSort;almostSorted;4100;29420;36894
mergeSort;almostSorted;4100;1955190;541280
quickSort;almostSorted;4100;149373;102564
selectionSort;almostSorted;4100;33700283;25237546
shellSortCiuraSequence;almostSorted;4100;199326;167370
shellSortShellSequence;almostSorted;4100;309646;225561
binaryInsertionSort;backwardSorted;4100;1833360;28696
bubbleSort;backwardSorted;4100;35992293;50434099
bubbleSortIverson1;backwardSorted;4100;17973;24605
bubbleSortIverson2;backwardSorted;4100;35310;49202
countingSort;backwardSorted;4100;123453;32807
heapSort;backwardSorted;4100;1211680;732804
insertionSort;backwardSorted;4100;28406;36894
mergeSort;backwardSorted;4100;1962076;541280
quickSort;backwardSorted;4100;149513;102564
selectionSort;backwardSorted;4100;33652186;25237546
shellSortCiuraSequence;backwardSorted;4100;200896;167370
shellSortShellSequence;backwardSorted;4100;313710;225561
